Category,Location,Date,Start Time,End Time,Activity Name,Weekday
Aquatics,Lap Pool,6/7/2026,11:00 AM,1:00 PM,Lap Swim,Sunday
Aquatics,Rec Pool & Lazy River,6/7/2026,11:00 AM,1:00 PM,Rec Swim (No Slide),Sunday
Aquatics,Full Pool,6/7/2026,1:00 PM,4:30 PM,Open Swim (Slide 30m Int.),Sunday
Court Sports,3 Courts,6/7/2026,10:00 AM,2:00 PM,Open Pickleball,Sunday
Court Sports,Basketball Courts,6/7/2026,10:00 AM,5:00 PM,Open Basketball,Sunday
Court Sports,Basketball Courts,6/7/2026,10:00 AM,2:00 PM,Open Volleyball,Sunday
Aquatics,3 Courts,6/8/2026,5:00 AM,8:00 AM,Lap Swim,Monday
Aquatics,Lap Pool,6/8/2026,9:00 AM,1:00 PM,Lap Swim,Monday
Aquatics,Lap Pool,6/8/2026,7:00 PM,8:30 PM,Lap Swim,Monday
Aquatics,Rec Pool & Lazy River,6/8/2026,5:00 AM,8:00 AM,Rec Swim (No Slide),Monday
Aquatics,Rec Pool & Lazy River,6/8/2026,11:30 AM,4:00 PM,Rec Swim (No Slide),Monday
Court Sports,Basketball Courts,6/8/2026,6:00 AM,9:00 AM,Open Pickleball,Monday
Court Sports,Basketball Courts,6/8/2026,6:00 PM,8:00 PM,Open Pickleball,Monday
Court Sports,Basketball Courts,6/8/2026,5:30 AM,8:00 AM,Adult Basketball,Monday
Court Sports,Basketball Courts,6/8/2026,11:15 AM,1:00 PM,Adult Basketball,Monday
Court Sports,Basketball Courts,6/8/2026,1:00 PM,9:00 PM,Open Basketball,Monday
Community,Community Wing,6/8/2026,1:00 PM,4:00 PM,Euchre,Monday
Child Watch,Child Watch,6/8/2026,8:00 AM,12:00 PM,Child Watch (3mo. - 9yr),Monday
Child Watch,Child Watch,6/8/2026,4:30 PM,7:30 PM,Child Watch (3mo. - 9yr),Monday
Aquatics,Lap Pool,6/9/2026,5:00 AM,1:00 PM,Lap Swim,Tuesday
Aquatics,Lap Pool,6/9/2026,7:00 PM,8:30 PM,Lap Swim,Tuesday
Aquatics,Rec Pool & Lazy River,6/9/2026,5:00 AM,8:00 AM,Rec Swim (No Slide),Tuesday
Aquatics,Rec Pool & Lazy River,6/9/2026,12:00 PM,4:00 PM,Rec Swim (No Slide),Tuesday
Aquatics,Rec Pool & Lazy River,6/9/2026,7:40 PM,8:30 PM,Rec Swim (7:40p),Tuesday
Court Sports,Basketball Courts,6/9/2026,6:00 AM,9:00 AM,Open Pickleball,Tuesday
Court Sports,Basketball Courts,6/9/2026,6:00 PM,8:00 PM,Open Pickleball,Tuesday
Court Sports,Basketball Courts,6/9/2026,5:30 AM,8:00 AM,Adult Basketball,Tuesday
Court Sports,Basketball Courts,6/9/2026,11:15 AM,1:00 PM,Adult Basketball,Tuesday
Court Sports,Basketball Courts,6/9/2026,1:00 PM,9:00 PM,Open Basketball,Tuesday
Community,Community Wing,6/9/2026,1:00 PM,3:00 PM,Mah Jongg,Tuesday
Community,Studio 1,6/9/2026,11:00 AM,12:30 PM,Line Dancing,Tuesday
Child Watch,Child Watch,6/9/2026,8:00 AM,12:00 PM,Child Watch (3mo. - 9yr),Tuesday
Child Watch,Child Watch,6/9/2026,5:30 PM,7:30 PM,Child Watch (3mo. - 9yr),Tuesday
Aquatics,Lap Pool,6/10/2026,5:00 AM,8:00 AM,Lap Swim,Wednesday
Aquatics,Lap Pool,6/10/2026,9:00 AM,1:00 PM,Lap Swim,Wednesday
Aquatics,Lap Pool,6/10/2026,7:00 PM,8:30 PM,Lap Swim,Wednesday
Aquatics,Rec Pool & Lazy River,6/10/2026,5:00 AM,8:00 AM,Rec Swim (No Slide),Wednesday
Aquatics,Rec Pool & Lazy River,6/10/2026,12:00 PM,4:00 PM,Rec Swim (No Slide),Wednesday
Court Sports,Basketball Courts,6/10/2026,6:00 AM,9:00 AM,Open Pickleball,Wednesday
Court Sports,Basketball Courts,6/10/2026,6:00 PM,8:00 PM,Open Pickleball,Wednesday
Court Sports,Basketball Courts,6/10/2026,5:30 AM,8:00 AM,Adult Basketball,Wednesday
Court Sports,Basketball Courts,6/10/2026,11:15 AM,1:00 PM,Adult Basketball,Wednesday
Court Sports,Basketball Courts,6/10/2026,1:00 PM,9:00 PM,Open Basketball,Wednesday
Community,Community Wing,6/10/2026,1:00 PM,4:00 PM,Euchre,Wednesday
Child Watch,Child Watch,6/10/2026,8:00 AM,12:00 PM,Child Watch (3mo. - 9yr),Wednesday
Child Watch,Child Watch,6/10/2026,4:30 PM,7:30 PM,Child Watch (3mo. - 9yr),Wednesday
Aquatics,Lap Pool,6/11/2026,5:00 AM,1:00 PM,Lap Swim,Thursday
Aquatics,Rec Pool & Lazy River,6/11/2026,5:00 AM,8:00 AM,Rec Swim (No Slide),Thursday
Aquatics,Rec Pool & Lazy River,6/11/2026,12:00 PM,4:00 PM,Rec Swim (No Slide),Thursday
Aquatics,Full Pool,6/11/2026,4:00 PM,8:30 PM,Open Swim (Slide 30m Int.),Thursday
Court Sports,Basketball Courts,6/11/2026,6:00 AM,9:00 AM,Open Pickleball,Thursday
Court Sports,Basketball Courts,6/11/2026,6:00 PM,8:00 PM,Open Pickleball,Thursday
Court Sports,Basketball Courts,6/11/2026,5:30 AM,8:00 AM,Adult Basketball,Thursday
Court Sports,Basketball Courts,6/11/2026,1:00 PM,9:00 PM,Open Basketball,Thursday
Community,Community Wing,6/11/2026,1:00 PM,3:00 PM,Mah Jongg,Thursday
Community,Studio 1,6/11/2026,11:00 AM,12:30 PM,Line Dancing,Thursday
Child Watch,Child Watch,6/11/2026,8:00 AM,12:00 PM,Child Watch (3mo. - 9yr),Thursday
Child Watch,Child Watch,6/11/2026,5:30 PM,7:30 PM,Child Watch (3mo. - 9yr),Thursday
Aquatics,Lap Pool,6/12/2026,5:00 AM,8:00 AM,Lap Swim,Friday
Aquatics,Lap Pool,6/12/2026,9:00 AM,1:00 PM,Lap Swim,Friday
Aquatics,Rec Pool & Lazy River,6/12/2026,5:00 AM,8:00 AM,Rec Swim (No Slide),Friday
Aquatics,Rec Pool & Lazy River,6/12/2026,11:30 AM,4:00 PM,Rec Swim (No Slide),Friday
Aquatics,Full Pool,6/12/2026,4:00 PM,6:30 PM,Open Swim (Slide 30m Int.),Friday
Court Sports,Basketball Courts,6/12/2026,6:00 AM,9:00 AM,Open Pickleball,Friday
Court Sports,Basketball Courts,6/12/2026,5:30 AM,8:00 AM,Adult Basketball,Friday
Court Sports,Basketball Courts,6/12/2026,11:15 AM,1:00 PM,Adult Basketball,Friday
Court Sports,Basketball Courts,6/12/2026,1:00 PM,7:00 PM,Open Basketball,Friday
Court Sports,Basketball Courts,6/12/2026,4:30 PM,7:00 PM,Adult Volleyball,Friday
Child Watch,Child Watch,6/12/2026,8:00 AM,12:00 PM,Child Watch (3mo. - 9yr),Friday
Aquatics,Lap Pool,6/13/2026,5:00 AM,8:00 AM,Lap Swim,Saturday
Aquatics,Rec Pool & Lazy River,6/13/2026,8:00 AM,12:00 PM,Rec Swim (No Slide),Saturday
Aquatics,Full Pool,6/13/2026,12:00 PM,5:00 PM,Open Swim (Slide 30m Int.),Saturday
Court Sports,Basketball Courts,6/13/2026,7:30 AM,2:00 PM,Open Pickleball,Saturday
Court Sports,Basketball Courts,6/13/2026,7:00 AM,5:30 PM,Open Basketball,Saturday
Court Sports,Basketball Courts,6/13/2026,3:00 PM,5:30 PM,Open Volleyball,Saturday
Child Watch,Child Watch,6/13/2026,8:00 AM,12:00 PM,Child Watch (3mo. - 9yr),Saturday
Aquatics,Lap Pool,6/14/2026,11:00 AM,1:00 PM,Lap Swim,Sunday
Aquatics,Rec Pool & Lazy River,6/14/2026,11:00 AM,1:00 PM,Rec Swim (No Slide),Sunday
Aquatics,Full Pool,6/14/2026,1:00 PM,4:30 PM,Open Swim (Slide 30m Int.),Sunday
Court Sports,3 Courts,6/14/2026,10:00 AM,2:00 PM,Open Pickleball,Sunday
Court Sports,Basketball Courts,6/14/2026,10:00 AM,5:00 PM,Open Basketball,Sunday
Court Sports,Basketball Courts,6/14/2026,10:00 AM,2:00 PM,Open Volleyball,Sunday
Aquatics,Lap Pool,6/15/2026,5:00 AM,8:00 AM,Lap Swim,Monday
Aquatics,Lap Pool,6/15/2026,9:00 AM,1:00 PM,Lap Swim,Monday
Aquatics,Lap Pool,6/15/2026,7:00 PM,8:30 PM,Lap Swim,Monday
Aquatics,Rec Pool & Lazy River,6/15/2026,5:00 AM,8:00 AM,Rec Swim (No Slide),Monday
Aquatics,Rec Pool & Lazy River,6/15/2026,11:30 AM,4:00 PM,Rec Swim (No Slide),Monday
Court Sports,Basketball Courts,6/15/2026,6:00 AM,9:00 AM,Open Pickleball,Monday
Court Sports,Basketball Courts,6/15/2026,6:00 PM,8:00 PM,Open Pickleball,Monday
Court Sports,Basketball Courts,6/15/2026,5:30 AM,8:00 AM,Adult Basketball,Monday
Court Sports,Basketball Courts,6/15/2026,11:15 AM,1:00 PM,Adult Basketball,Monday
Court Sports,Basketball Courts,6/15/2026,1:00 PM,9:00 PM,Open Basketball,Monday
Community,Community Wing,6/15/2026,1:00 PM,4:00 PM,Euchre,Monday
Child Watch,Child Watch,6/15/2026,8:00 AM,12:00 PM,Child Watch (3mo. - 9yr),Monday
Child Watch,Child Watch,6/15/2026,4:30 PM,7:30 PM,Child Watch (3mo. - 9yr),Monday
Aquatics,Lap Pool,6/16/2026,5:00 AM,1:00 PM,Lap Swim,Tuesday
Aquatics,Lap Pool,6/16/2026,7:00 PM,8:30 PM,Lap Swim,Tuesday
Aquatics,Rec Pool & Lazy River,6/16/2026,5:00 AM,8:00 AM,Rec Swim (No Slide),Tuesday
Aquatics,Rec Pool & Lazy River,6/16/2026,12:00 PM,4:00 PM,Rec Swim (No Slide),Tuesday
Aquatics,Rec Pool & Lazy River,6/16/2026,7:40 PM,8:30 PM,Rec Swim (7:40p),Tuesday
Court Sports,Basketball Courts,6/16/2026,6:00 AM,9:00 AM,Open Pickleball,Tuesday
Court Sports,Basketball Courts,6/16/2026,6:00 PM,8:00 PM,Open Pickleball,Tuesday
Court Sports,Basketball Courts,6/16/2026,5:30 AM,8:00 AM,Adult Basketball,Tuesday
Court Sports,Basketball Courts,6/16/2026,11:15 AM,1:00 PM,Adult Basketball,Tuesday
Court Sports,Basketball Courts,6/16/2026,1:00 PM,9:00 PM,Open Basketball,Tuesday
Community,Community Wing,6/16/2026,1:00 PM,3:00 PM,Mah Jongg,Tuesday
Community,Studio 1,6/16/2026,11:00 AM,12:30 PM,Line Dancing,Tuesday
Child Watch,Child Watch,6/16/2026,8:00 AM,12:00 PM,Child Watch (3mo. - 9yr),Tuesday
Child Watch,Child Watch,6/16/2026,5:30 PM,7:30 PM,Child Watch (3mo. - 9yr),Tuesday
Aquatics,Lap Pool,6/17/2026,5:00 AM,8:00 AM,Lap Swim,Wednesday
Aquatics,Lap Pool,6/17/2026,9:00 AM,1:00 PM,Lap Swim,Wednesday
Aquatics,Lap Pool,6/17/2026,7:00 PM,8:30 PM,Lap Swim,Wednesday
Aquatics,Rec Pool & Lazy River,6/17/2026,5:00 AM,8:00 AM,Rec Swim (No Slide),Wednesday
Aquatics,Rec Pool & Lazy River,6/17/2026,12:00 PM,4:00 PM,Rec Swim (No Slide),Wednesday
Court Sports,Basketball Courts,6/17/2026,6:00 AM,9:00 AM,Open Pickleball,Wednesday
Court Sports,Basketball Courts,6/17/2026,6:00 PM,8:00 PM,Open Pickleball,Wednesday
Court Sports,Basketball Courts,6/17/2026,5:30 AM,8:00 AM,Adult Basketball,Wednesday
Court Sports,Basketball Courts,6/17/2026,11:15 AM,1:00 PM,Adult Basketball,Wednesday
Court Sports,Basketball Courts,6/17/2026,1:00 PM,9:00 PM,Open Basketball,Wednesday
Community,Community Wing,6/17/2026,1:00 PM,4:00 PM,Euchre,Wednesday
Child Watch,Child Watch,6/17/2026,8:00 AM,12:00 PM,Child Watch (3mo. - 9yr),Wednesday
Child Watch,Child Watch,6/17/2026,4:30 PM,7:30 PM,Child Watch (3mo. - 9yr),Wednesday
Aquatics,Lap Pool,6/18/2026,5:00 AM,1:00 PM,Lap Swim,Thursday
Aquatics,Rec Pool & Lazy River,6/18/2026,5:00 AM,8:00 AM,Rec Swim (No Slide),Thursday
Aquatics,Rec Pool & Lazy River,6/18/2026,12:00 PM,4:00 PM,Rec Swim (No Slide),Thursday
Aquatics,Full Pool,6/18/2026,4:00 PM,8:30 PM,Open Swim (Slide 30m Int.),Thursday
Court Sports,Basketball Courts,6/18/2026,6:00 AM,9:00 AM,Open Pickleball,Thursday
Court Sports,Basketball Courts,6/18/2026,6:00 PM,8:00 PM,Open Pickleball,Thursday
Court Sports,Basketball Courts,6/18/2026,5:30 AM,8:00 AM,Adult Basketball,Thursday
Court Sports,Basketball Courts,6/18/2026,1:00 PM,9:00 PM,Open Basketball,Thursday
Community,Community Wing,6/18/2026,1:00 PM,3:00 PM,Mah Jongg,Thursday
Community,Studio 1,6/18/2026,11:00 AM,12:30 PM,Line Dancing,Thursday
Child Watch,Child Watch,6/18/2026,8:00 AM,12:00 PM,Child Watch (3mo. - 9yr),Thursday
Child Watch,Child Watch,6/18/2026,5:30 PM,7:30 PM,Child Watch (3mo. - 9yr),Thursday
Aquatics,Lap Pool,6/19/2026,5:00 AM,8:00 AM,Lap Swim,Friday
Aquatics,Lap Pool,6/19/2026,9:00 AM,1:00 PM,Lap Swim,Friday
Aquatics,Rec Pool & Lazy River,6/19/2026,5:00 AM,8:00 AM,Rec Swim (No Slide),Friday
Aquatics,Rec Pool & Lazy River,6/19/2026,11:30 AM,4:00 PM,Rec Swim (No Slide),Friday
Aquatics,Full Pool,6/19/2026,4:00 PM,6:30 PM,Open Swim (Slide 30m Int.),Friday
Court Sports,Basketball Courts,6/19/2026,6:00 AM,9:00 AM,Open Pickleball,Friday
Court Sports,Basketball Courts,6/19/2026,5:30 AM,8:00 AM,Adult Basketball,Friday
Court Sports,Basketball Courts,6/19/2026,11:15 AM,1:00 PM,Adult Basketball,Friday
Court Sports,Basketball Courts,6/19/2026,1:00 PM,7:00 PM,Open Basketball,Friday
Court Sports,Basketball Courts,6/19/2026,4:30 PM,7:00 PM,Adult Volleyball,Friday
Child Watch,Child Watch,6/19/2026,8:00 AM,12:00 PM,Child Watch (3mo. - 9yr),Friday
Aquatics,Lap Pool,6/20/2026,5:00 AM,8:00 AM,Lap Swim,Saturday
Aquatics,Rec Pool & Lazy River,6/20/2026,8:00 AM,12:00 PM,Rec Swim (No Slide),Saturday
Aquatics,Full Pool,6/20/2026,12:00 PM,5:00 PM,Open Swim (Slide 30m Int.),Saturday
Court Sports,Basketball Courts,6/20/2026,7:30 AM,2:00 PM,Open Pickleball,Saturday
Court Sports,Basketball Courts,6/20/2026,7:00 AM,5:30 PM,Open Basketball,Saturday
Court Sports,Basketball Courts,6/20/2026,3:00 PM,5:30 PM,Open Volleyball,Saturday
Child Watch,Child Watch,6/20/2026,8:00 AM,12:00 PM,Child Watch (3mo. - 9yr),Saturday
Aquatics,Lap Pool,6/21/2026,11:00 AM,1:00 PM,Lap Swim,Sunday
Aquatics,Rec Pool & Lazy River,6/21/2026,11:00 AM,1:00 PM,Rec Swim (No Slide),Sunday
Aquatics,Full Pool,6/21/2026,1:00 PM,4:30 PM,Open Swim (Slide 30m Int.),Sunday
Court Sports,3 Courts,6/21/2026,10:00 AM,2:00 PM,Open Pickleball,Sunday
Court Sports,Basketball Courts,6/21/2026,10:00 AM,5:00 PM,Open Basketball,Sunday
Court Sports,Basketball Courts,6/21/2026,10:00 AM,2:00 PM,Open Volleyball,Sunday
Aquatics,Lap Pool,6/22/2026,5:00 AM,8:00 AM,Lap Swim,Monday
Aquatics,Lap Pool,6/22/2026,9:00 AM,1:00 PM,Lap Swim,Monday
Aquatics,Lap Pool,6/22/2026,7:00 PM,8:30 PM,Lap Swim,Monday
Aquatics,Rec Pool & Lazy River,6/22/2026,5:00 AM,8:00 AM,Rec Swim (No Slide),Monday
Aquatics,Rec Pool & Lazy River,6/22/2026,11:30 AM,4:00 PM,Rec Swim (No Slide),Monday
Court Sports,Basketball Courts,6/22/2026,6:00 AM,9:00 AM,Open Pickleball,Monday
Court Sports,Basketball Courts,6/22/2026,6:00 PM,8:00 PM,Open Pickleball,Monday
Court Sports,Basketball Courts,6/22/2026,5:30 AM,8:00 AM,Adult Basketball,Monday
Court Sports,Basketball Courts,6/22/2026,11:15 AM,1:00 PM,Adult Basketball,Monday
Court Sports,Basketball Courts,6/22/2026,1:00 PM,9:00 PM,Open Basketball,Monday
Community,Community Wing,6/22/2026,1:00 PM,4:00 PM,Euchre,Monday
Child Watch,Child Watch,6/22/2026,8:00 AM,12:00 PM,Child Watch (3mo. - 9yr),Monday
Child Watch,Child Watch,6/22/2026,4:30 PM,7:30 PM,Child Watch (3mo. - 9yr),Monday
Aquatics,Lap Pool,6/23/2026,5:00 AM,1:00 PM,Lap Swim,Tuesday
Aquatics,Lap Pool,6/23/2026,7:00 PM,8:30 PM,Lap Swim,Tuesday
Aquatics,Rec Pool & Lazy River,6/23/2026,5:00 AM,8:00 AM,Rec Swim (No Slide),Tuesday
Aquatics,Rec Pool & Lazy River,6/23/2026,12:00 PM,4:00 PM,Rec Swim (No Slide),Tuesday
Aquatics,Rec Pool & Lazy River,6/23/2026,7:40 PM,8:30 PM,Rec Swim (7:40p),Tuesday
Court Sports,Basketball Courts,6/23/2026,6:00 AM,9:00 AM,Open Pickleball,Tuesday
Court Sports,Basketball Courts,6/23/2026,6:00 PM,8:00 PM,Open Pickleball,Tuesday
Court Sports,Basketball Courts,6/23/2026,5:30 AM,8:00 AM,Adult Basketball,Tuesday
Court Sports,Basketball Courts,6/23/2026,11:15 AM,1:00 PM,Adult Basketball,Tuesday
Court Sports,Basketball Courts,6/23/2026,1:00 PM,9:00 PM,Open Basketball,Tuesday
Community,Community Wing,6/23/2026,1:00 PM,3:00 PM,Mah Jongg,Tuesday
Community,Studio 1,6/23/2026,11:00 AM,12:30 PM,Line Dancing,Tuesday
Child Watch,Child Watch,6/23/2026,8:00 AM,12:00 PM,Child Watch (3mo. - 9yr),Tuesday
Child Watch,Child Watch,6/23/2026,5:30 PM,7:30 PM,Child Watch (3mo. - 9yr),Tuesday
Aquatics,Lap Pool,6/24/2026,5:00 AM,8:00 AM,Lap Swim,Wednesday
Aquatics,Lap Pool,6/24/2026,9:00 AM,1:00 PM,Lap Swim,Wednesday
Aquatics,Lap Pool,6/24/2026,7:00 PM,8:30 PM,Lap Swim,Wednesday
Aquatics,Rec Pool & Lazy River,6/24/2026,5:00 AM,8:00 AM,Rec Swim (No Slide),Wednesday
Aquatics,Rec Pool & Lazy River,6/24/2026,12:00 PM,4:00 PM,Rec Swim (No Slide),Wednesday
Court Sports,Basketball Courts,6/24/2026,6:00 AM,9:00 AM,Open Pickleball,Wednesday
Court Sports,Basketball Courts,6/24/2026,6:00 PM,8:00 PM,Open Pickleball,Wednesday
Court Sports,Basketball Courts,6/24/2026,5:30 AM,8:00 AM,Adult Basketball,Wednesday
Court Sports,Basketball Courts,6/24/2026,11:15 AM,1:00 PM,Adult Basketball,Wednesday
Court Sports,Basketball Courts,6/24/2026,1:00 PM,9:00 PM,Open Basketball,Wednesday
Community,Community Wing,6/24/2026,1:00 PM,4:00 PM,Euchre,Wednesday
Child Watch,Child Watch,6/24/2026,8:00 AM,12:00 PM,Child Watch (3mo. - 9yr),Wednesday
Child Watch,Child Watch,6/24/2026,4:30 PM,7:30 PM,Child Watch (3mo. - 9yr),Wednesday
Aquatics,Lap Pool,6/25/2026,5:00 AM,1:00 PM,Lap Swim,Thursday
Aquatics,Rec Pool & Lazy River,6/25/2026,5:00 AM,8:00 AM,Rec Swim (No Slide),Thursday
Aquatics,Rec Pool & Lazy River,6/25/2026,12:00 PM,4:00 PM,Rec Swim (No Slide),Thursday
Aquatics,Full Pool,6/25/2026,4:00 PM,8:30 PM,Open Swim (Slide 30m Int.),Thursday
Court Sports,Basketball Courts,6/25/2026,6:00 AM,9:00 AM,Open Pickleball,Thursday
Court Sports,Basketball Courts,6/25/2026,6:00 PM,8:00 PM,Open Pickleball,Thursday
Court Sports,Basketball Courts,6/25/2026,5:30 AM,8:00 AM,Adult Basketball,Thursday
Court Sports,Basketball Courts,6/25/2026,1:00 PM,9:00 PM,Open Basketball,Thursday
Community,Community Wing,6/25/2026,1:00 PM,3:00 PM,Mah Jongg,Thursday
Community,Studio 1,6/25/2026,11:00 AM,12:30 PM,Line Dancing,Thursday
Child Watch,Child Watch,6/25/2026,8:00 AM,12:00 PM,Child Watch (3mo. - 9yr),Thursday
Child Watch,Child Watch,6/25/2026,5:30 PM,7:30 PM,Child Watch (3mo. - 9yr),Thursday
Aquatics,Lap Pool,6/26/2026,5:00 AM,8:00 AM,Lap Swim,Friday
Aquatics,Lap Pool,6/26/2026,9:00 AM,1:00 PM,Lap Swim,Friday
Aquatics,Rec Pool & Lazy River,6/26/2026,5:00 AM,8:00 AM,Rec Swim (No Slide),Friday
Aquatics,Rec Pool & Lazy River,6/26/2026,11:30 AM,4:00 PM,Rec Swim (No Slide),Friday
Aquatics,Full Pool,6/26/2026,4:00 PM,6:30 PM,Open Swim (Slide 30m Int.),Friday
Court Sports,Basketball Courts,6/26/2026,6:00 AM,9:00 AM,Open Pickleball,Friday
Court Sports,Basketball Courts,6/26/2026,5:30 AM,8:00 AM,Adult Basketball,Friday
Court Sports,Basketball Courts,6/26/2026,11:15 AM,1:00 PM,Adult Basketball,Friday
Court Sports,Basketball Courts,6/26/2026,1:00 PM,7:00 PM,Open Basketball,Friday
Court Sports,Basketball Courts,6/26/2026,4:30 PM,7:00 PM,Adult Volleyball,Friday
Child Watch,Child Watch,6/26/2026,8:00 AM,12:00 PM,Child Watch (3mo. - 9yr),Friday
Aquatics,Lap Pool,6/27/2026,5:00 AM,8:00 AM,Lap Swim,Saturday
Aquatics,Rec Pool & Lazy River,6/27/2026,8:00 AM,12:00 PM,Rec Swim (No Slide),Saturday
Aquatics,Full Pool,6/27/2026,12:00 PM,5:00 PM,Open Swim (Slide 30m Int.),Saturday
Court Sports,Basketball Courts,6/27/2026,7:30 AM,2:00 PM,Open Pickleball,Saturday
Court Sports,Basketball Courts,6/27/2026,7:00 AM,5:30 PM,Open Basketball,Saturday
Court Sports,Basketball Courts,6/27/2026,3:00 PM,5:30 PM,Open Volleyball,Saturday
Child Watch,Child Watch,6/27/2026,8:00 AM,12:00 PM,Child Watch (3mo. - 9yr),Saturday
Aquatics,Lap Pool,6/28/2026,11:00 AM,1:00 PM,Lap Swim,Sunday
Aquatics,Rec Pool & Lazy River,6/28/2026,11:00 AM,1:00 PM,Rec Swim (No Slide),Sunday
Aquatics,Full Pool,6/28/2026,1:00 PM,4:30 PM,Open Swim (Slide 30m Int.),Sunday
Court Sports,3 Courts,6/28/2026,10:00 AM,2:00 PM,Open Pickleball,Sunday
Court Sports,Basketball Courts,6/28/2026,10:00 AM,5:00 PM,Open Basketball,Sunday
Court Sports,Basketball Courts,6/28/2026,10:00 AM,2:00 PM,Open Volleyball,Sunday
Aquatics,Lap Pool,6/29/2026,5:00 AM,8:00 AM,Lap Swim,Monday
Aquatics,Lap Pool,6/29/2026,9:00 AM,1:00 PM,Lap Swim,Monday
Aquatics,Lap Pool,6/29/2026,7:00 PM,8:30 PM,Lap Swim,Monday
Aquatics,Rec Pool & Lazy River,6/29/2026,5:00 AM,8:00 AM,Rec Swim (No Slide),Monday
Aquatics,Rec Pool & Lazy River,6/29/2026,11:30 AM,4:00 PM,Rec Swim (No Slide),Monday
Court Sports,Basketball Courts,6/29/2026,6:00 AM,9:00 AM,Open Pickleball,Monday
Court Sports,Basketball Courts,6/29/2026,6:00 PM,8:00 PM,Open Pickleball,Monday
Court Sports,Basketball Courts,6/29/2026,5:30 AM,8:00 AM,Adult Basketball,Monday
Court Sports,Basketball Courts,6/29/2026,11:15 AM,1:00 PM,Adult Basketball,Monday
Court Sports,Basketball Courts,6/29/2026,1:00 PM,9:00 PM,Open Basketball,Monday
Community,Community Wing,6/29/2026,1:00 PM,4:00 PM,Euchre,Monday
Child Watch,Child Watch,6/29/2026,8:00 AM,12:00 PM,Child Watch (3mo. - 9yr),Monday
Child Watch,Child Watch,6/29/2026,4:30 PM,7:30 PM,Child Watch (3mo. - 9yr),Monday
Aquatics,Lap Pool,6/30/2026,5:00 AM,1:00 PM,Lap Swim,Tuesday
Aquatics,Lap Pool,6/30/2026,7:00 PM,8:30 PM,Lap Swim,Tuesday
Aquatics,Rec Pool & Lazy River,6/30/2026,5:00 AM,8:00 AM,Rec Swim (No Slide),Tuesday
Aquatics,Rec Pool & Lazy River,6/30/2026,12:00 PM,4:00 PM,Rec Swim (No Slide),Tuesday
Aquatics,Rec Pool & Lazy River,6/30/2026,7:40 PM,8:30 PM,Rec Swim (7:40p),Tuesday
Court Sports,Basketball Courts,6/30/2026,6:00 AM,9:00 AM,Open Pickleball,Tuesday
Court Sports,Basketball Courts,6/30/2026,6:00 PM,8:00 PM,Open Pickleball,Tuesday
Court Sports,Basketball Courts,6/30/2026,5:30 AM,8:00 AM,Adult Basketball,Tuesday
Court Sports,Basketball Courts,6/30/2026,11:15 AM,1:00 PM,Adult Basketball,Tuesday
Court Sports,Basketball Courts,6/30/2026,1:00 PM,9:00 PM,Open Basketball,Tuesday
Community,Community Wing,6/30/2026,1:00 PM,3:00 PM,Mah Jongg,Tuesday
Community,Studio 1,6/30/2026,11:00 AM,12:30 PM,Line Dancing,Tuesday
Child Watch,Child Watch,6/30/2026,8:00 AM,12:00 PM,Child Watch (3mo. - 9yr),Tuesday
Child Watch,Child Watch,6/30/2026,5:30 PM,7:30 PM,Child Watch (3mo. - 9yr),Tuesday
Aquatics,Lap Pool,7/1/2026,5:00 AM,8:00 AM,Lap Swim,Wednesday
Aquatics,Lap Pool,7/1/2026,9:00 AM,1:00 PM,Lap Swim,Wednesday
Aquatics,Lap Pool,7/1/2026,7:00 PM,8:30 PM,Lap Swim,Wednesday
Aquatics,Rec Pool & Lazy River,7/1/2026,5:00 AM,8:00 AM,Rec Swim (No Slide),Wednesday
Aquatics,Rec Pool & Lazy River,7/1/2026,12:00 PM,4:00 PM,Rec Swim (No Slide),Wednesday
Court Sports,Basketball Courts,7/1/2026,6:00 AM,9:00 AM,Open Pickleball,Wednesday
Court Sports,Basketball Courts,7/1/2026,6:00 PM,8:00 PM,Open Pickleball,Wednesday
Court Sports,Basketball Courts,7/1/2026,5:30 AM,8:00 AM,Adult Basketball,Wednesday
Court Sports,Basketball Courts,7/1/2026,11:15 AM,1:00 PM,Adult Basketball,Wednesday
Court Sports,Basketball Courts,7/1/2026,1:00 PM,9:00 PM,Open Basketball,Wednesday
Community,Community Wing,7/1/2026,1:00 PM,4:00 PM,Euchre,Wednesday
Child Watch,Child Watch,7/1/2026,8:00 AM,12:00 PM,Child Watch (3mo. - 9yr),Wednesday
Child Watch,Child Watch,7/1/2026,4:30 PM,7:30 PM,Child Watch (3mo. - 9yr),Wednesday
Aquatics,Lap Pool,7/2/2026,5:00 AM,1:00 PM,Lap Swim,Thursday
Aquatics,Rec Pool & Lazy River,7/2/2026,5:00 AM,8:00 AM,Rec Swim (No Slide),Thursday
Aquatics,Rec Pool & Lazy River,7/2/2026,12:00 PM,4:00 PM,Rec Swim (No Slide),Thursday
Aquatics,Full Pool,7/2/2026,4:00 PM,8:30 PM,Open Swim (Slide 30m Int.),Thursday
Court Sports,Basketball Courts,7/2/2026,6:00 AM,9:00 AM,Open Pickleball,Thursday
Court Sports,Basketball Courts,7/2/2026,6:00 PM,8:00 PM,Open Pickleball,Thursday
Court Sports,Basketball Courts,7/2/2026,5:30 AM,8:00 AM,Adult Basketball,Thursday
Court Sports,Basketball Courts,7/2/2026,1:00 PM,9:00 PM,Open Basketball,Thursday
Community,Community Wing,7/2/2026,1:00 PM,3:00 PM,Mah Jongg,Thursday
Community,Studio 1,7/2/2026,11:00 AM,12:30 PM,Line Dancing,Thursday
Child Watch,Child Watch,7/2/2026,8:00 AM,12:00 PM,Child Watch (3mo. - 9yr),Thursday
Child Watch,Child Watch,7/2/2026,5:30 PM,7:30 PM,Child Watch (3mo. - 9yr),Thursday
Aquatics,Lap Pool,7/3/2026,5:00 AM,8:00 AM,Lap Swim,Friday
Aquatics,Lap Pool,7/3/2026,9:00 AM,1:00 PM,Lap Swim,Friday
Aquatics,Rec Pool & Lazy River,7/3/2026,5:00 AM,8:00 AM,Rec Swim (No Slide),Friday
Aquatics,Rec Pool & Lazy River,7/3/2026,11:30 AM,4:00 PM,Rec Swim (No Slide),Friday
Aquatics,Full Pool,7/3/2026,4:00 PM,6:30 PM,Open Swim (Slide 30m Int.),Friday
Court Sports,Basketball Courts,7/3/2026,6:00 AM,9:00 AM,Open Pickleball,Friday
Court Sports,Basketball Courts,7/3/2026,5:30 AM,8:00 AM,Adult Basketball,Friday
Court Sports,Basketball Courts,7/3/2026,11:15 AM,1:00 PM,Adult Basketball,Friday
Court Sports,Basketball Courts,7/3/2026,1:00 PM,7:00 PM,Open Basketball,Friday
Court Sports,Basketball Courts,7/3/2026,4:30 PM,7:00 PM,Adult Volleyball,Friday
Child Watch,Child Watch,7/3/2026,8:00 AM,12:00 PM,Child Watch (3mo. - 9yr),Friday
Aquatics,Lap Pool,7/4/2026,5:00 AM,8:00 AM,Lap Swim,Saturday
Aquatics,Rec Pool & Lazy River,7/4/2026,8:00 AM,12:00 PM,Rec Swim (No Slide),Saturday
Aquatics,Full Pool,7/4/2026,12:00 PM,5:00 PM,Open Swim (Slide 30m Int.),Saturday
Court Sports,Basketball Courts,7/4/2026,7:30 AM,2:00 PM,Open Pickleball,Saturday
Court Sports,Basketball Courts,7/4/2026,7:00 AM,5:30 PM,Open Basketball,Saturday
Court Sports,Basketball Courts,7/4/2026,3:00 PM,5:30 PM,Open Volleyball,Saturday
Child Watch,Child Watch,7/4/2026,8:00 AM,12:00 PM,Child Watch (3mo. - 9yr),Saturday
Aquatics,Lap Pool,7/5/2026,11:00 AM,1:00 PM,Lap Swim,Sunday
Aquatics,Rec Pool & Lazy River,7/5/2026,11:00 AM,1:00 PM,Rec Swim (No Slide),Sunday
Aquatics,Full Pool,7/5/2026,1:00 PM,4:30 PM,Open Swim (Slide 30m Int.),Sunday
Court Sports,3 Courts,7/5/2026,10:00 AM,2:00 PM,Open Pickleball,Sunday
Court Sports,Basketball Courts,7/5/2026,10:00 AM,5:00 PM,Open Basketball,Sunday
Court Sports,Basketball Courts,7/5/2026,10:00 AM,2:00 PM,Open Volleyball,Sunday
Aquatics,Lap Pool,7/6/2026,5:00 AM,8:00 AM,Lap Swim,Monday
Aquatics,Lap Pool,7/6/2026,9:00 AM,1:00 PM,Lap Swim,Monday
Aquatics,Lap Pool,7/6/2026,7:00 PM,8:30 PM,Lap Swim,Monday
Aquatics,Rec Pool & Lazy River,7/6/2026,5:00 AM,8:00 AM,Rec Swim (No Slide),Monday
Aquatics,Rec Pool & Lazy River,7/6/2026,11:30 AM,4:00 PM,Rec Swim (No Slide),Monday
Court Sports,Basketball Courts,7/6/2026,6:00 AM,9:00 AM,Open Pickleball,Monday
Court Sports,Basketball Courts,7/6/2026,6:00 PM,8:00 PM,Open Pickleball,Monday
Court Sports,Basketball Courts,7/6/2026,5:30 AM,8:00 AM,Adult Basketball,Monday
Court Sports,Basketball Courts,7/6/2026,11:15 AM,1:00 PM,Adult Basketball,Monday
Court Sports,Basketball Courts,7/6/2026,1:00 PM,9:00 PM,Open Basketball,Monday
Community,Community Wing,7/6/2026,1:00 PM,4:00 PM,Euchre,Monday
Child Watch,Child Watch,7/6/2026,8:00 AM,12:00 PM,Child Watch (3mo. - 9yr),Monday
Child Watch,Child Watch,7/6/2026,4:30 PM,7:30 PM,Child Watch (3mo. - 9yr),Monday
Aquatics,Lap Pool,7/7/2026,5:00 AM,1:00 PM,Lap Swim,Tuesday
Aquatics,Lap Pool,7/7/2026,7:00 PM,8:30 PM,Lap Swim,Tuesday
Aquatics,Rec Pool & Lazy River,7/7/2026,5:00 AM,8:00 AM,Rec Swim (No Slide),Tuesday
Aquatics,Rec Pool & Lazy River,7/7/2026,12:00 PM,4:00 PM,Rec Swim (No Slide),Tuesday
Aquatics,Rec Pool & Lazy River,7/7/2026,7:40 PM,8:30 PM,Rec Swim (7:40p),Tuesday
Court Sports,Basketball Courts,7/7/2026,6:00 AM,9:00 AM,Open Pickleball,Tuesday
Court Sports,Basketball Courts,7/7/2026,6:00 PM,8:00 PM,Open Pickleball,Tuesday
Court Sports,Basketball Courts,7/7/2026,5:30 AM,8:00 AM,Adult Basketball,Tuesday
Court Sports,Basketball Courts,7/7/2026,11:15 AM,1:00 PM,Adult Basketball,Tuesday
Court Sports,Basketball Courts,7/7/2026,1:00 PM,9:00 PM,Open Basketball,Tuesday
Community,Community Wing,7/7/2026,1:00 PM,3:00 PM,Mah Jongg,Tuesday
Community,Studio 1,7/7/2026,11:00 AM,12:30 PM,Line Dancing,Tuesday
Child Watch,Child Watch,7/7/2026,8:00 AM,12:00 PM,Child Watch (3mo. - 9yr),Tuesday
Child Watch,Child Watch,7/7/2026,5:30 PM,7:30 PM,Child Watch (3mo. - 9yr),Tuesday
Aquatics,Lap Pool,7/8/2026,5:00 AM,8:00 AM,Lap Swim,Wednesday
Aquatics,Lap Pool,7/8/2026,9:00 AM,1:00 PM,Lap Swim,Wednesday
Aquatics,Lap Pool,7/8/2026,7:00 PM,8:30 PM,Lap Swim,Wednesday
Aquatics,Rec Pool & Lazy River,7/8/2026,5:00 AM,8:00 AM,Rec Swim (No Slide),Wednesday
Aquatics,Rec Pool & Lazy River,7/8/2026,12:00 PM,4:00 PM,Rec Swim (No Slide),Wednesday
Court Sports,Basketball Courts,7/8/2026,6:00 AM,9:00 AM,Open Pickleball,Wednesday
Court Sports,Basketball Courts,7/8/2026,6:00 PM,8:00 PM,Open Pickleball,Wednesday
Court Sports,Basketball Courts,7/8/2026,5:30 AM,8:00 AM,Adult Basketball,Wednesday
Court Sports,Basketball Courts,7/8/2026,11:15 AM,1:00 PM,Adult Basketball,Wednesday
Court Sports,Basketball Courts,7/8/2026,1:00 PM,9:00 PM,Open Basketball,Wednesday
Community,Community Wing,7/8/2026,1:00 PM,4:00 PM,Euchre,Wednesday
Child Watch,Child Watch,7/8/2026,8:00 AM,12:00 PM,Child Watch (3mo. - 9yr),Wednesday
Child Watch,Child Watch,7/8/2026,4:30 PM,7:30 PM,Child Watch (3mo. - 9yr),Wednesday
Aquatics,Lap Pool,7/9/2026,5:00 AM,1:00 PM,Lap Swim,Thursday
Aquatics,Rec Pool & Lazy River,7/9/2026,5:00 AM,8:00 AM,Rec Swim (No Slide),Thursday
Aquatics,Rec Pool & Lazy River,7/9/2026,12:00 PM,4:00 PM,Rec Swim (No Slide),Thursday
Aquatics,Full Pool,7/9/2026,4:00 PM,8:30 PM,Open Swim (Slide 30m Int.),Thursday
Court Sports,Basketball Courts,7/9/2026,6:00 AM,9:00 AM,Open Pickleball,Thursday
Court Sports,Basketball Courts,7/9/2026,6:00 PM,8:00 PM,Open Pickleball,Thursday
Court Sports,Basketball Courts,7/9/2026,5:30 AM,8:00 AM,Adult Basketball,Thursday
Court Sports,Basketball Courts,7/9/2026,1:00 PM,9:00 PM,Open Basketball,Thursday
Community,Community Wing,7/9/2026,1:00 PM,3:00 PM,Mah Jongg,Thursday
Community,Studio 1,7/9/2026,11:00 AM,12:30 PM,Line Dancing,Thursday
Child Watch,Child Watch,7/9/2026,8:00 AM,12:00 PM,Child Watch (3mo. - 9yr),Thursday
Child Watch,Child Watch,7/9/2026,5:30 PM,7:30 PM,Child Watch (3mo. - 9yr),Thursday
Aquatics,Lap Pool,7/10/2026,5:00 AM,8:00 AM,Lap Swim,Friday
Aquatics,Lap Pool,7/10/2026,9:00 AM,1:00 PM,Lap Swim,Friday
Aquatics,Rec Pool & Lazy River,7/10/2026,5:00 AM,8:00 AM,Rec Swim (No Slide),Friday
Aquatics,Rec Pool & Lazy River,7/10/2026,11:30 AM,4:00 PM,Rec Swim (No Slide),Friday
Aquatics,Full Pool,7/10/2026,4:00 PM,6:30 PM,Open Swim (Slide 30m Int.),Friday
Court Sports,Basketball Courts,7/10/2026,6:00 AM,9:00 AM,Open Pickleball,Friday
Court Sports,Basketball Courts,7/10/2026,5:30 AM,8:00 AM,Adult Basketball,Friday
Court Sports,Basketball Courts,7/10/2026,11:15 AM,1:00 PM,Adult Basketball,Friday
Court Sports,Basketball Courts,7/10/2026,1:00 PM,7:00 PM,Open Basketball,Friday
Court Sports,Basketball Courts,7/10/2026,4:30 PM,7:00 PM,Adult Volleyball,Friday
Child Watch,Child Watch,7/10/2026,8:00 AM,12:00 PM,Child Watch (3mo. - 9yr),Friday
Aquatics,Lap Pool,7/11/2026,5:00 AM,8:00 AM,Lap Swim,Saturday
Aquatics,Rec Pool & Lazy River,7/11/2026,8:00 AM,12:00 PM,Rec Swim (No Slide),Saturday
Aquatics,Full Pool,7/11/2026,12:00 PM,5:00 PM,Open Swim (Slide 30m Int.),Saturday
Court Sports,Basketball Courts,7/11/2026,7:30 AM,2:00 PM,Open Pickleball,Saturday
Court Sports,Basketball Courts,7/11/2026,7:00 AM,5:30 PM,Open Basketball,Saturday
Court Sports,Basketball Courts,7/11/2026,3:00 PM,5:30 PM,Open Volleyball,Saturday
Child Watch,Child Watch,7/11/2026,8:00 AM,12:00 PM,Child Watch (3mo. - 9yr),Saturday
Aquatics,Lap Pool,7/12/2026,11:00 AM,1:00 PM,Lap Swim,Sunday
Aquatics,Rec Pool & Lazy River,7/12/2026,11:00 AM,1:00 PM,Rec Swim (No Slide),Sunday
Aquatics,Full Pool,7/12/2026,1:00 PM,4:30 PM,Open Swim (Slide 30m Int.),Sunday
Court Sports,3 Courts,7/12/2026,10:00 AM,2:00 PM,Open Pickleball,Sunday
Court Sports,Basketball Courts,7/12/2026,10:00 AM,5:00 PM,Open Basketball,Sunday
Court Sports,Basketball Courts,7/12/2026,10:00 AM,2:00 PM,Open Volleyball,Sunday
Aquatics,Lap Pool,7/13/2026,5:00 AM,8:00 AM,Lap Swim,Monday
Aquatics,Lap Pool,7/13/2026,9:00 AM,1:00 PM,Lap Swim,Monday
Aquatics,Lap Pool,7/13/2026,7:00 PM,8:30 PM,Lap Swim,Monday
Aquatics,Rec Pool & Lazy River,7/13/2026,5:00 AM,8:00 AM,Rec Swim (No Slide),Monday
Aquatics,Rec Pool & Lazy River,7/13/2026,11:30 AM,4:00 PM,Rec Swim (No Slide),Monday
Court Sports,Basketball Courts,7/13/2026,6:00 AM,9:00 AM,Open Pickleball,Monday
Court Sports,Basketball Courts,7/13/2026,6:00 PM,8:00 PM,Open Pickleball,Monday
Court Sports,Basketball Courts,7/13/2026,5:30 AM,8:00 AM,Adult Basketball,Monday
Court Sports,Basketball Courts,7/13/2026,11:15 AM,1:00 PM,Adult Basketball,Monday
Court Sports,Basketball Courts,7/13/2026,1:00 PM,9:00 PM,Open Basketball,Monday
Community,Community Wing,7/13/2026,1:00 PM,4:00 PM,Euchre,Monday
Child Watch,Child Watch,7/13/2026,8:00 AM,12:00 PM,Child Watch (3mo. - 9yr),Monday
Child Watch,Child Watch,7/13/2026,4:30 PM,7:30 PM,Child Watch (3mo. - 9yr),Monday
Aquatics,Lap Pool,7/14/2026,5:00 AM,1:00 PM,Lap Swim,Tuesday
Aquatics,Lap Pool,7/14/2026,7:00 PM,8:30 PM,Lap Swim,Tuesday
Aquatics,Rec Pool & Lazy River,7/14/2026,5:00 AM,8:00 AM,Rec Swim (No Slide),Tuesday
Aquatics,Rec Pool & Lazy River,7/14/2026,12:00 PM,4:00 PM,Rec Swim (No Slide),Tuesday
Aquatics,Rec Pool & Lazy River,7/14/2026,7:40 PM,8:30 PM,Rec Swim (7:40p),Tuesday
Court Sports,Basketball Courts,7/14/2026,6:00 AM,9:00 AM,Open Pickleball,Tuesday
Court Sports,Basketball Courts,7/14/2026,6:00 PM,8:00 PM,Open Pickleball,Tuesday
Court Sports,Basketball Courts,7/14/2026,5:30 AM,8:00 AM,Adult Basketball,Tuesday
Court Sports,Basketball Courts,7/14/2026,11:15 AM,1:00 PM,Adult Basketball,Tuesday
Court Sports,Basketball Courts,7/14/2026,1:00 PM,9:00 PM,Open Basketball,Tuesday
Community,Community Wing,7/14/2026,1:00 PM,3:00 PM,Mah Jongg,Tuesday
Community,Studio 1,7/14/2026,11:00 AM,12:30 PM,Line Dancing,Tuesday
Child Watch,Child Watch,7/14/2026,8:00 AM,12:00 PM,Child Watch (3mo. - 9yr),Tuesday
Child Watch,Child Watch,7/14/2026,5:30 PM,7:30 PM,Child Watch (3mo. - 9yr),Tuesday
Aquatics,Lap Pool,7/15/2026,5:00 AM,8:00 AM,Lap Swim,Wednesday
Aquatics,Lap Pool,7/15/2026,9:00 AM,1:00 PM,Lap Swim,Wednesday
Aquatics,Lap Pool,7/15/2026,7:00 PM,8:30 PM,Lap Swim,Wednesday
Aquatics,Rec Pool & Lazy River,7/15/2026,5:00 AM,8:00 AM,Rec Swim (No Slide),Wednesday
Aquatics,Rec Pool & Lazy River,7/15/2026,12:00 PM,4:00 PM,Rec Swim (No Slide),Wednesday
Court Sports,Basketball Courts,7/15/2026,6:00 AM,9:00 AM,Open Pickleball,Wednesday
Court Sports,Basketball Courts,7/15/2026,6:00 PM,8:00 PM,Open Pickleball,Wednesday
Court Sports,Basketball Courts,7/15/2026,5:30 AM,8:00 AM,Adult Basketball,Wednesday
Court Sports,Basketball Courts,7/15/2026,11:15 AM,1:00 PM,Adult Basketball,Wednesday
Court Sports,Basketball Courts,7/15/2026,1:00 PM,9:00 PM,Open Basketball,Wednesday
Community,Community Wing,7/15/2026,1:00 PM,4:00 PM,Euchre,Wednesday
Child Watch,Child Watch,7/15/2026,8:00 AM,12:00 PM,Child Watch (3mo. - 9yr),Wednesday
Child Watch,Child Watch,7/15/2026,4:30 PM,7:30 PM,Child Watch (3mo. - 9yr),Wednesday
Aquatics,Lap Pool,7/16/2026,5:00 AM,1:00 PM,Lap Swim,Thursday
Aquatics,Rec Pool & Lazy River,7/16/2026,5:00 AM,8:00 AM,Rec Swim (No Slide),Thursday
Aquatics,Rec Pool & Lazy River,7/16/2026,12:00 PM,4:00 PM,Rec Swim (No Slide),Thursday
Aquatics,Full Pool,7/16/2026,4:00 PM,8:30 PM,Open Swim (Slide 30m Int.),Thursday
Court Sports,Basketball Courts,7/16/2026,6:00 AM,9:00 AM,Open Pickleball,Thursday
Court Sports,Basketball Courts,7/16/2026,6:00 PM,8:00 PM,Open Pickleball,Thursday
Court Sports,Basketball Courts,7/16/2026,5:30 AM,8:00 AM,Adult Basketball,Thursday
Court Sports,Basketball Courts,7/16/2026,1:00 PM,9:00 PM,Open Basketball,Thursday
Community,Community Wing,7/16/2026,1:00 PM,3:00 PM,Mah Jongg,Thursday
Community,Studio 1,7/16/2026,11:00 AM,12:30 PM,Line Dancing,Thursday
Child Watch,Child Watch,7/16/2026,8:00 AM,12:00 PM,Child Watch (3mo. - 9yr),Thursday
Child Watch,Child Watch,7/16/2026,5:30 PM,7:30 PM,Child Watch (3mo. - 9yr),Thursday
Aquatics,Lap Pool,7/17/2026,5:00 AM,8:00 AM,Lap Swim,Friday
Aquatics,Lap Pool,7/17/2026,9:00 AM,1:00 PM,Lap Swim,Friday
Aquatics,Rec Pool & Lazy River,7/17/2026,5:00 AM,8:00 AM,Rec Swim (No Slide),Friday
Aquatics,Rec Pool & Lazy River,7/17/2026,11:30 AM,4:00 PM,Rec Swim (No Slide),Friday
Aquatics,Full Pool,7/17/2026,4:00 PM,6:30 PM,Open Swim (Slide 30m Int.),Friday
Court Sports,Basketball Courts,7/17/2026,6:00 AM,9:00 AM,Open Pickleball,Friday
Court Sports,Basketball Courts,7/17/2026,5:30 AM,8:00 AM,Adult Basketball,Friday
Court Sports,Basketball Courts,7/17/2026,11:15 AM,1:00 PM,Adult Basketball,Friday
Court Sports,Basketball Courts,7/17/2026,1:00 PM,7:00 PM,Open Basketball,Friday
Court Sports,Basketball Courts,7/17/2026,4:30 PM,7:00 PM,Adult Volleyball,Friday
Child Watch,Child Watch,7/17/2026,8:00 AM,12:00 PM,Child Watch (3mo. - 9yr),Friday
Aquatics,Lap Pool,7/18/2026,5:00 AM,8:00 AM,Lap Swim,Saturday
Aquatics,Rec Pool & Lazy River,7/18/2026,8:00 AM,12:00 PM,Rec Swim (No Slide),Saturday
Aquatics,Full Pool,7/18/2026,12:00 PM,5:00 PM,Open Swim (Slide 30m Int.),Saturday
Court Sports,Basketball Courts,7/18/2026,7:30 AM,2:00 PM,Open Pickleball,Saturday
Court Sports,Basketball Courts,7/18/2026,7:00 AM,5:30 PM,Open Basketball,Saturday
Court Sports,Basketball Courts,7/18/2026,3:00 PM,5:30 PM,Open Volleyball,Saturday
Child Watch,Child Watch,7/18/2026,8:00 AM,12:00 PM,Child Watch (3mo. - 9yr),Saturday
Aquatics,Lap Pool,7/19/2026,11:00 AM,1:00 PM,Lap Swim,Sunday
Aquatics,Rec Pool & Lazy River,7/19/2026,11:00 AM,1:00 PM,Rec Swim (No Slide),Sunday
Aquatics,Full Pool,7/19/2026,1:00 PM,4:30 PM,Open Swim (Slide 30m Int.),Sunday
Court Sports,3 Courts,7/19/2026,10:00 AM,2:00 PM,Open Pickleball,Sunday
Court Sports,Basketball Courts,7/19/2026,10:00 AM,5:00 PM,Open Basketball,Sunday
Court Sports,Basketball Courts,7/19/2026,10:00 AM,2:00 PM,Open Volleyball,Sunday
Aquatics,Lap Pool,7/20/2026,5:00 AM,8:00 AM,Lap Swim,Monday
Aquatics,Lap Pool,7/20/2026,9:00 AM,1:00 PM,Lap Swim,Monday
Aquatics,Lap Pool,7/20/2026,7:00 PM,8:30 PM,Lap Swim,Monday
Aquatics,Rec Pool & Lazy River,7/20/2026,5:00 AM,8:00 AM,Rec Swim (No Slide),Monday
Aquatics,Rec Pool & Lazy River,7/20/2026,11:30 AM,4:00 PM,Rec Swim (No Slide),Monday
Court Sports,Basketball Courts,7/20/2026,6:00 AM,9:00 AM,Open Pickleball,Monday
Court Sports,Basketball Courts,7/20/2026,6:00 PM,8:00 PM,Open Pickleball,Monday
Court Sports,Basketball Courts,7/20/2026,5:30 AM,8:00 AM,Adult Basketball,Monday
Court Sports,Basketball Courts,7/20/2026,11:15 AM,1:00 PM,Adult Basketball,Monday
Court Sports,Basketball Courts,7/20/2026,1:00 PM,9:00 PM,Open Basketball,Monday
Community,Community Wing,7/20/2026,1:00 PM,4:00 PM,Euchre,Monday
Child Watch,Child Watch,7/20/2026,8:00 AM,12:00 PM,Child Watch (3mo. - 9yr),Monday
Child Watch,Child Watch,7/20/2026,4:30 PM,7:30 PM,Child Watch (3mo. - 9yr),Monday
Aquatics,Lap Pool,7/21/2026,5:00 AM,1:00 PM,Lap Swim,Tuesday
Aquatics,Lap Pool,7/21/2026,7:00 PM,8:30 PM,Lap Swim,Tuesday
Aquatics,Rec Pool & Lazy River,7/21/2026,5:00 AM,8:00 AM,Rec Swim (No Slide),Tuesday
Aquatics,Rec Pool & Lazy River,7/21/2026,12:00 PM,4:00 PM,Rec Swim (No Slide),Tuesday
Aquatics,Rec Pool & Lazy River,7/21/2026,7:40 PM,8:30 PM,Rec Swim (7:40p),Tuesday
Court Sports,Basketball Courts,7/21/2026,6:00 AM,9:00 AM,Open Pickleball,Tuesday
Court Sports,Basketball Courts,7/21/2026,6:00 PM,8:00 PM,Open Pickleball,Tuesday
Court Sports,Basketball Courts,7/21/2026,5:30 AM,8:00 AM,Adult Basketball,Tuesday
Court Sports,Basketball Courts,7/21/2026,11:15 AM,1:00 PM,Adult Basketball,Tuesday
Court Sports,Basketball Courts,7/21/2026,1:00 PM,9:00 PM,Open Basketball,Tuesday
Community,Community Wing,7/21/2026,1:00 PM,3:00 PM,Mah Jongg,Tuesday
Community,Studio 1,7/21/2026,11:00 AM,12:30 PM,Line Dancing,Tuesday
Child Watch,Child Watch,7/21/2026,8:00 AM,12:00 PM,Child Watch (3mo. - 9yr),Tuesday
Child Watch,Child Watch,7/21/2026,5:30 PM,7:30 PM,Child Watch (3mo. - 9yr),Tuesday
Aquatics,Lap Pool,7/22/2026,5:00 AM,8:00 AM,Lap Swim,Wednesday
Aquatics,Lap Pool,7/22/2026,9:00 AM,1:00 PM,Lap Swim,Wednesday
Aquatics,Lap Pool,7/22/2026,7:00 PM,8:30 PM,Lap Swim,Wednesday
Aquatics,Rec Pool & Lazy River,7/22/2026,5:00 AM,8:00 AM,Rec Swim (No Slide),Wednesday
Aquatics,Rec Pool & Lazy River,7/22/2026,12:00 PM,4:00 PM,Rec Swim (No Slide),Wednesday
Court Sports,Basketball Courts,7/22/2026,6:00 AM,9:00 AM,Open Pickleball,Wednesday
Court Sports,Basketball Courts,7/22/2026,6:00 PM,8:00 PM,Open Pickleball,Wednesday
Court Sports,Basketball Courts,7/22/2026,5:30 AM,8:00 AM,Adult Basketball,Wednesday
Court Sports,Basketball Courts,7/22/2026,11:15 AM,1:00 PM,Adult Basketball,Wednesday
Court Sports,Basketball Courts,7/22/2026,1:00 PM,9:00 PM,Open Basketball,Wednesday
Community,Community Wing,7/22/2026,1:00 PM,4:00 PM,Euchre,Wednesday
Child Watch,Child Watch,7/22/2026,8:00 AM,12:00 PM,Child Watch (3mo. - 9yr),Wednesday
Child Watch,Child Watch,7/22/2026,4:30 PM,7:30 PM,Child Watch (3mo. - 9yr),Wednesday
Aquatics,Lap Pool,7/23/2026,5:00 AM,1:00 PM,Lap Swim,Thursday
Aquatics,Rec Pool & Lazy River,7/23/2026,5:00 AM,8:00 AM,Rec Swim (No Slide),Thursday
Aquatics,Rec Pool & Lazy River,7/23/2026,12:00 PM,4:00 PM,Rec Swim (No Slide),Thursday
Aquatics,Full Pool,7/23/2026,4:00 PM,8:30 PM,Open Swim (Slide 30m Int.),Thursday
Court Sports,Basketball Courts,7/23/2026,6:00 AM,9:00 AM,Open Pickleball,Thursday
Court Sports,Basketball Courts,7/23/2026,6:00 PM,8:00 PM,Open Pickleball,Thursday
Court Sports,Basketball Courts,7/23/2026,5:30 AM,8:00 AM,Adult Basketball,Thursday
Court Sports,Basketball Courts,7/23/2026,1:00 PM,9:00 PM,Open Basketball,Thursday
Community,Community Wing,7/23/2026,1:00 PM,3:00 PM,Mah Jongg,Thursday
Community,Studio 1,7/23/2026,11:00 AM,12:30 PM,Line Dancing,Thursday
Child Watch,Child Watch,7/23/2026,8:00 AM,12:00 PM,Child Watch (3mo. - 9yr),Thursday
Child Watch,Child Watch,7/23/2026,5:30 PM,7:30 PM,Child Watch (3mo. - 9yr),Thursday
Aquatics,Lap Pool,7/24/2026,5:00 AM,8:00 AM,Lap Swim,Friday
Aquatics,Lap Pool,7/24/2026,9:00 AM,1:00 PM,Lap Swim,Friday
Aquatics,Rec Pool & Lazy River,7/24/2026,5:00 AM,8:00 AM,Rec Swim (No Slide),Friday
Aquatics,Rec Pool & Lazy River,7/24/2026,11:30 AM,4:00 PM,Rec Swim (No Slide),Friday
Aquatics,Full Pool,7/24/2026,4:00 PM,6:30 PM,Open Swim (Slide 30m Int.),Friday
Court Sports,Basketball Courts,7/24/2026,6:00 AM,9:00 AM,Open Pickleball,Friday
Court Sports,Basketball Courts,7/24/2026,5:30 AM,8:00 AM,Adult Basketball,Friday
Court Sports,Basketball Courts,7/24/2026,11:15 AM,1:00 PM,Adult Basketball,Friday
Court Sports,Basketball Courts,7/24/2026,1:00 PM,7:00 PM,Open Basketball,Friday
Court Sports,Basketball Courts,7/24/2026,4:30 PM,7:00 PM,Adult Volleyball,Friday
Child Watch,Child Watch,7/24/2026,8:00 AM,12:00 PM,Child Watch (3mo. - 9yr),Friday
Aquatics,Lap Pool,7/25/2026,5:00 AM,8:00 AM,Lap Swim,Saturday
Aquatics,Rec Pool & Lazy River,7/25/2026,8:00 AM,12:00 PM,Rec Swim (No Slide),Saturday
Aquatics,Full Pool,7/25/2026,12:00 PM,5:00 PM,Open Swim (Slide 30m Int.),Saturday
Court Sports,Basketball Courts,7/25/2026,7:30 AM,2:00 PM,Open Pickleball,Saturday
Court Sports,Basketball Courts,7/25/2026,7:00 AM,5:30 PM,Open Basketball,Saturday
Court Sports,Basketball Courts,7/25/2026,3:00 PM,5:30 PM,Open Volleyball,Saturday
Child Watch,Child Watch,7/25/2026,8:00 AM,12:00 PM,Child Watch (3mo. - 9yr),Saturday
Aquatics,Lap Pool,7/26/2026,11:00 AM,1:00 PM,Lap Swim,Sunday
Aquatics,Rec Pool & Lazy River,7/26/2026,11:00 AM,1:00 PM,Rec Swim (No Slide),Sunday
Aquatics,Full Pool,7/26/2026,1:00 PM,4:30 PM,Open Swim (Slide 30m Int.),Sunday
Court Sports,3 Courts,7/26/2026,10:00 AM,2:00 PM,Open Pickleball,Sunday
Court Sports,Basketball Courts,7/26/2026,10:00 AM,5:00 PM,Open Basketball,Sunday
Court Sports,Basketball Courts,7/26/2026,10:00 AM,2:00 PM,Open Volleyball,Sunday
Aquatics,Lap Pool,7/27/2026,5:00 AM,8:00 AM,Lap Swim,Monday
Aquatics,Lap Pool,7/27/2026,9:00 AM,1:00 PM,Lap Swim,Monday
Aquatics,Lap Pool,7/27/2026,7:00 PM,8:30 PM,Lap Swim,Monday
Aquatics,Rec Pool & Lazy River,7/27/2026,5:00 AM,8:00 AM,Rec Swim (No Slide),Monday
Aquatics,Rec Pool & Lazy River,7/27/2026,11:30 AM,4:00 PM,Rec Swim (No Slide),Monday
Court Sports,Basketball Courts,7/27/2026,6:00 AM,9:00 AM,Open Pickleball,Monday
Court Sports,Basketball Courts,7/27/2026,6:00 PM,8:00 PM,Open Pickleball,Monday
Court Sports,Basketball Courts,7/27/2026,5:30 AM,8:00 AM,Adult Basketball,Monday
Court Sports,Basketball Courts,7/27/2026,11:15 AM,1:00 PM,Adult Basketball,Monday
Court Sports,Basketball Courts,7/27/2026,1:00 PM,9:00 PM,Open Basketball,Monday
Community,Community Wing,7/27/2026,1:00 PM,4:00 PM,Euchre,Monday
Child Watch,Child Watch,7/27/2026,8:00 AM,12:00 PM,Child Watch (3mo. - 9yr),Monday
Child Watch,Child Watch,7/27/2026,4:30 PM,7:30 PM,Child Watch (3mo. - 9yr),Monday
Aquatics,Lap Pool,7/28/2026,5:00 AM,1:00 PM,Lap Swim,Tuesday
Aquatics,Lap Pool,7/28/2026,7:00 PM,8:30 PM,Lap Swim,Tuesday
Aquatics,Rec Pool & Lazy River,7/28/2026,5:00 AM,8:00 AM,Rec Swim (No Slide),Tuesday
Aquatics,Rec Pool & Lazy River,7/28/2026,12:00 PM,4:00 PM,Rec Swim (No Slide),Tuesday
Aquatics,Rec Pool & Lazy River,7/28/2026,7:40 PM,8:30 PM,Rec Swim (7:40p),Tuesday
Court Sports,Basketball Courts,7/28/2026,6:00 AM,9:00 AM,Open Pickleball,Tuesday
Court Sports,Basketball Courts,7/28/2026,6:00 PM,8:00 PM,Open Pickleball,Tuesday
Court Sports,Basketball Courts,7/28/2026,5:30 AM,8:00 AM,Adult Basketball,Tuesday
Court Sports,Basketball Courts,7/28/2026,11:15 AM,1:00 PM,Adult Basketball,Tuesday
Court Sports,Basketball Courts,7/28/2026,1:00 PM,9:00 PM,Open Basketball,Tuesday
Community,Community Wing,7/28/2026,1:00 PM,3:00 PM,Mah Jongg,Tuesday
Community,Studio 1,7/28/2026,11:00 AM,12:30 PM,Line Dancing,Tuesday
Child Watch,Child Watch,7/28/2026,8:00 AM,12:00 PM,Child Watch (3mo. - 9yr),Tuesday
Child Watch,Child Watch,7/28/2026,5:30 PM,7:30 PM,Child Watch (3mo. - 9yr),Tuesday
Aquatics,Lap Pool,7/29/2026,5:00 AM,8:00 AM,Lap Swim,Wednesday
Aquatics,Lap Pool,7/29/2026,9:00 AM,1:00 PM,Lap Swim,Wednesday
Aquatics,Lap Pool,7/29/2026,7:00 PM,8:30 PM,Lap Swim,Wednesday
Aquatics,Rec Pool & Lazy River,7/29/2026,5:00 AM,8:00 AM,Rec Swim (No Slide),Wednesday
Aquatics,Rec Pool & Lazy River,7/29/2026,12:00 PM,4:00 PM,Rec Swim (No Slide),Wednesday
Court Sports,Basketball Courts,7/29/2026,6:00 AM,9:00 AM,Open Pickleball,Wednesday
Court Sports,Basketball Courts,7/29/2026,6:00 PM,8:00 PM,Open Pickleball,Wednesday
Court Sports,Basketball Courts,7/29/2026,5:30 AM,8:00 AM,Adult Basketball,Wednesday
Court Sports,Basketball Courts,7/29/2026,11:15 AM,1:00 PM,Adult Basketball,Wednesday
Court Sports,Basketball Courts,7/29/2026,1:00 PM,9:00 PM,Open Basketball,Wednesday
Community,Community Wing,7/29/2026,1:00 PM,4:00 PM,Euchre,Wednesday
Child Watch,Child Watch,7/29/2026,8:00 AM,12:00 PM,Child Watch (3mo. - 9yr),Wednesday
Child Watch,Child Watch,7/29/2026,4:30 PM,7:30 PM,Child Watch (3mo. - 9yr),Wednesday
Aquatics,Lap Pool,7/30/2026,5:00 AM,1:00 PM,Lap Swim,Thursday
Aquatics,Rec Pool & Lazy River,7/30/2026,5:00 AM,8:00 AM,Rec Swim (No Slide),Thursday
Aquatics,Rec Pool & Lazy River,7/30/2026,12:00 PM,4:00 PM,Rec Swim (No Slide),Thursday
Aquatics,Full Pool,7/30/2026,4:00 PM,8:30 PM,Open Swim (Slide 30m Int.),Thursday
Court Sports,Basketball Courts,7/30/2026,6:00 AM,9:00 AM,Open Pickleball,Thursday
Court Sports,Basketball Courts,7/30/2026,6:00 PM,8:00 PM,Open Pickleball,Thursday
Court Sports,Basketball Courts,7/30/2026,5:30 AM,8:00 AM,Adult Basketball,Thursday
Court Sports,Basketball Courts,7/30/2026,1:00 PM,9:00 PM,Open Basketball,Thursday
Community,Community Wing,7/30/2026,1:00 PM,3:00 PM,Mah Jongg,Thursday
Community,Studio 1,7/30/2026,11:00 AM,12:30 PM,Line Dancing,Thursday
Child Watch,Child Watch,7/30/2026,8:00 AM,12:00 PM,Child Watch (3mo. - 9yr),Thursday
Child Watch,Child Watch,7/30/2026,5:30 PM,7:30 PM,Child Watch (3mo. - 9yr),Thursday
Aquatics,Lap Pool,7/31/2026,5:00 AM,8:00 AM,Lap Swim,Friday
Aquatics,Lap Pool,7/31/2026,9:00 AM,1:00 PM,Lap Swim,Friday
Aquatics,Rec Pool & Lazy River,7/31/2026,5:00 AM,8:00 AM,Rec Swim (No Slide),Friday
Aquatics,Rec Pool & Lazy River,7/31/2026,11:30 AM,4:00 PM,Rec Swim (No Slide),Friday
Aquatics,Full Pool,7/31/2026,4:00 PM,6:30 PM,Open Swim (Slide 30m Int.),Friday
Court Sports,Basketball Courts,7/31/2026,6:00 AM,9:00 AM,Open Pickleball,Friday
Court Sports,Basketball Courts,7/31/2026,5:30 AM,8:00 AM,Adult Basketball,Friday
Court Sports,Basketball Courts,7/31/2026,11:15 AM,1:00 PM,Adult Basketball,Friday
Court Sports,Basketball Courts,7/31/2026,1:00 PM,7:00 PM,Open Basketball,Friday
Court Sports,Basketball Courts,7/31/2026,4:30 PM,7:00 PM,Adult Volleyball,Friday
Child Watch,Child Watch,7/31/2026,8:00 AM,12:00 PM,Child Watch (3mo. - 9yr),Friday
Aquatics,Lap Pool,8/1/2026,5:00 AM,8:00 AM,Lap Swim,Saturday
Aquatics,Rec Pool & Lazy River,8/1/2026,8:00 AM,12:00 PM,Rec Swim (No Slide),Saturday
Aquatics,Full Pool,8/1/2026,12:00 PM,5:00 PM,Open Swim (Slide 30m Int.),Saturday
Court Sports,Basketball Courts,8/1/2026,7:30 AM,2:00 PM,Open Pickleball,Saturday
Court Sports,Basketball Courts,8/1/2026,7:00 AM,5:30 PM,Open Basketball,Saturday
Court Sports,Basketball Courts,8/1/2026,3:00 PM,5:30 PM,Open Volleyball,Saturday
Child Watch,Child Watch,8/1/2026,8:00 AM,12:00 PM,Child Watch (3mo. - 9yr),Saturday
Aquatics,Lap Pool,8/2/2026,11:00 AM,1:00 PM,Lap Swim,Sunday
Aquatics,Rec Pool & Lazy River,8/2/2026,11:00 AM,1:00 PM,Rec Swim (No Slide),Sunday
Aquatics,Full Pool,8/2/2026,1:00 PM,4:30 PM,Open Swim (Slide 30m Int.),Sunday
Court Sports,3 Courts,8/2/2026,10:00 AM,2:00 PM,Open Pickleball,Sunday
Court Sports,Basketball Courts,8/2/2026,10:00 AM,5:00 PM,Open Basketball,Sunday
Court Sports,Basketball Courts,8/2/2026,10:00 AM,2:00 PM,Open Volleyball,Sunday
Aquatics,Lap Pool,8/3/2026,5:00 AM,8:00 AM,Lap Swim,Monday
Aquatics,Lap Pool,8/3/2026,9:00 AM,1:00 PM,Lap Swim,Monday
Aquatics,Lap Pool,8/3/2026,7:00 PM,8:30 PM,Lap Swim,Monday
Aquatics,Rec Pool & Lazy River,8/3/2026,5:00 AM,8:00 AM,Rec Swim (No Slide),Monday
Aquatics,Rec Pool & Lazy River,8/3/2026,11:30 AM,4:00 PM,Rec Swim (No Slide),Monday
Court Sports,Basketball Courts,8/3/2026,6:00 AM,9:00 AM,Open Pickleball,Monday
Court Sports,Basketball Courts,8/3/2026,6:00 PM,8:00 PM,Open Pickleball,Monday
Court Sports,Basketball Courts,8/3/2026,5:30 AM,8:00 AM,Adult Basketball,Monday
Court Sports,Basketball Courts,8/3/2026,11:15 AM,1:00 PM,Adult Basketball,Monday
Court Sports,Basketball Courts,8/3/2026,1:00 PM,9:00 PM,Open Basketball,Monday
Community,Community Wing,8/3/2026,1:00 PM,4:00 PM,Euchre,Monday
Child Watch,Child Watch,8/3/2026,8:00 AM,12:00 PM,Child Watch (3mo. - 9yr),Monday
Child Watch,Child Watch,8/3/2026,4:30 PM,7:30 PM,Child Watch (3mo. - 9yr),Monday
Aquatics,Lap Pool,8/4/2026,5:00 AM,1:00 PM,Lap Swim,Tuesday
Aquatics,Lap Pool,8/4/2026,7:00 PM,8:30 PM,Lap Swim,Tuesday
Aquatics,Rec Pool & Lazy River,8/4/2026,5:00 AM,8:00 AM,Rec Swim (No Slide),Tuesday
Aquatics,Rec Pool & Lazy River,8/4/2026,12:00 PM,4:00 PM,Rec Swim (No Slide),Tuesday
Aquatics,Rec Pool & Lazy River,8/4/2026,7:40 PM,8:30 PM,Rec Swim (7:40p),Tuesday
Court Sports,Basketball Courts,8/4/2026,6:00 AM,9:00 AM,Open Pickleball,Tuesday
Court Sports,Basketball Courts,8/4/2026,6:00 PM,8:00 PM,Open Pickleball,Tuesday
Court Sports,Basketball Courts,8/4/2026,5:30 AM,8:00 AM,Adult Basketball,Tuesday
Court Sports,Basketball Courts,8/4/2026,11:15 AM,1:00 PM,Adult Basketball,Tuesday
Court Sports,Basketball Courts,8/4/2026,1:00 PM,9:00 PM,Open Basketball,Tuesday
Community,Community Wing,8/4/2026,1:00 PM,3:00 PM,Mah Jongg,Tuesday
Community,Studio 1,8/4/2026,11:00 AM,12:30 PM,Line Dancing,Tuesday
Child Watch,Child Watch,8/4/2026,8:00 AM,12:00 PM,Child Watch (3mo. - 9yr),Tuesday
Child Watch,Child Watch,8/4/2026,5:30 PM,7:30 PM,Child Watch (3mo. - 9yr),Tuesday
Aquatics,Lap Pool,8/5/2026,5:00 AM,8:00 AM,Lap Swim,Wednesday
Aquatics,Lap Pool,8/5/2026,9:00 AM,1:00 PM,Lap Swim,Wednesday
Aquatics,Lap Pool,8/5/2026,7:00 PM,8:30 PM,Lap Swim,Wednesday
Aquatics,Rec Pool & Lazy River,8/5/2026,5:00 AM,8:00 AM,Rec Swim (No Slide),Wednesday
Aquatics,Rec Pool & Lazy River,8/5/2026,12:00 PM,4:00 PM,Rec Swim (No Slide),Wednesday
Court Sports,Basketball Courts,8/5/2026,6:00 AM,9:00 AM,Open Pickleball,Wednesday
Court Sports,Basketball Courts,8/5/2026,6:00 PM,8:00 PM,Open Pickleball,Wednesday
Court Sports,Basketball Courts,8/5/2026,5:30 AM,8:00 AM,Adult Basketball,Wednesday
Court Sports,Basketball Courts,8/5/2026,11:15 AM,1:00 PM,Adult Basketball,Wednesday
Court Sports,Basketball Courts,8/5/2026,1:00 PM,9:00 PM,Open Basketball,Wednesday
Community,Community Wing,8/5/2026,1:00 PM,4:00 PM,Euchre,Wednesday
Child Watch,Child Watch,8/5/2026,8:00 AM,12:00 PM,Child Watch (3mo. - 9yr),Wednesday
Child Watch,Child Watch,8/5/2026,4:30 PM,7:30 PM,Child Watch (3mo. - 9yr),Wednesday
Aquatics,Lap Pool,8/6/2026,5:00 AM,1:00 PM,Lap Swim,Thursday
Aquatics,Rec Pool & Lazy River,8/6/2026,5:00 AM,8:00 AM,Rec Swim (No Slide),Thursday
Aquatics,Rec Pool & Lazy River,8/6/2026,12:00 PM,4:00 PM,Rec Swim (No Slide),Thursday
Aquatics,Full Pool,8/6/2026,4:00 PM,8:30 PM,Open Swim (Slide 30m Int.),Thursday
Court Sports,Basketball Courts,8/6/2026,6:00 AM,9:00 AM,Open Pickleball,Thursday
Court Sports,Basketball Courts,8/6/2026,6:00 PM,8:00 PM,Open Pickleball,Thursday
Court Sports,Basketball Courts,8/6/2026,5:30 AM,8:00 AM,Adult Basketball,Thursday
Court Sports,Basketball Courts,8/6/2026,1:00 PM,9:00 PM,Open Basketball,Thursday
Community,Community Wing,8/6/2026,1:00 PM,3:00 PM,Mah Jongg,Thursday
Community,Studio 1,8/6/2026,11:00 AM,12:30 PM,Line Dancing,Thursday
Child Watch,Child Watch,8/6/2026,8:00 AM,12:00 PM,Child Watch (3mo. - 9yr),Thursday
Child Watch,Child Watch,8/6/2026,5:30 PM,7:30 PM,Child Watch (3mo. - 9yr),Thursday
Aquatics,Lap Pool,8/7/2026,5:00 AM,8:00 AM,Lap Swim,Friday
Aquatics,Lap Pool,8/7/2026,9:00 AM,1:00 PM,Lap Swim,Friday
Aquatics,Rec Pool & Lazy River,8/7/2026,5:00 AM,8:00 AM,Rec Swim (No Slide),Friday
Aquatics,Rec Pool & Lazy River,8/7/2026,11:30 AM,4:00 PM,Rec Swim (No Slide),Friday
Aquatics,Full Pool,8/7/2026,4:00 PM,6:30 PM,Open Swim (Slide 30m Int.),Friday
Court Sports,Basketball Courts,8/7/2026,6:00 AM,9:00 AM,Open Pickleball,Friday
Court Sports,Basketball Courts,8/7/2026,5:30 AM,8:00 AM,Adult Basketball,Friday
Court Sports,Basketball Courts,8/7/2026,11:15 AM,1:00 PM,Adult Basketball,Friday
Court Sports,Basketball Courts,8/7/2026,1:00 PM,7:00 PM,Open Basketball,Friday
Court Sports,Basketball Courts,8/7/2026,4:30 PM,7:00 PM,Adult Volleyball,Friday
Child Watch,Child Watch,8/7/2026,8:00 AM,12:00 PM,Child Watch (3mo. - 9yr),Friday
Aquatics,Lap Pool,8/8/2026,5:00 AM,8:00 AM,Lap Swim,Saturday
Aquatics,Rec Pool & Lazy River,8/8/2026,8:00 AM,12:00 PM,Rec Swim (No Slide),Saturday
Aquatics,Full Pool,8/8/2026,12:00 PM,5:00 PM,Open Swim (Slide 30m Int.),Saturday
Court Sports,Basketball Courts,8/8/2026,7:30 AM,2:00 PM,Open Pickleball,Saturday
Court Sports,Basketball Courts,8/8/2026,7:00 AM,5:30 PM,Open Basketball,Saturday
Court Sports,Basketball Courts,8/8/2026,3:00 PM,5:30 PM,Open Volleyball,Saturday
Child Watch,Child Watch,8/8/2026,8:00 AM,12:00 PM,Child Watch (3mo. - 9yr),Saturday
Aquatics,Lap Pool,8/9/2026,11:00 AM,1:00 PM,Lap Swim,Sunday
Aquatics,Rec Pool & Lazy River,8/9/2026,11:00 AM,1:00 PM,Rec Swim (No Slide),Sunday
Aquatics,Full Pool,8/9/2026,1:00 PM,4:30 PM,Open Swim (Slide 30m Int.),Sunday
Court Sports,3 Courts,8/9/2026,10:00 AM,2:00 PM,Open Pickleball,Sunday
Court Sports,Basketball Courts,8/9/2026,10:00 AM,5:00 PM,Open Basketball,Sunday
Court Sports,Basketball Courts,8/9/2026,10:00 AM,2:00 PM,Open Volleyball,Sunday
Aquatics,Lap Pool,8/10/2026,5:00 AM,8:00 AM,Lap Swim,Monday
Aquatics,Lap Pool,8/10/2026,9:00 AM,1:00 PM,Lap Swim,Monday
Aquatics,Lap Pool,8/10/2026,7:00 PM,8:30 PM,Lap Swim,Monday
Aquatics,Rec Pool & Lazy River,8/10/2026,5:00 AM,8:00 AM,Rec Swim (No Slide),Monday
Aquatics,Rec Pool & Lazy River,8/10/2026,11:30 AM,4:00 PM,Rec Swim (No Slide),Monday
Court Sports,Basketball Courts,8/10/2026,6:00 AM,9:00 AM,Open Pickleball,Monday
Court Sports,Basketball Courts,8/10/2026,6:00 PM,8:00 PM,Open Pickleball,Monday
Court Sports,Basketball Courts,8/10/2026,5:30 AM,8:00 AM,Adult Basketball,Monday
Court Sports,Basketball Courts,8/10/2026,11:15 AM,1:00 PM,Adult Basketball,Monday
Court Sports,Basketball Courts,8/10/2026,1:00 PM,9:00 PM,Open Basketball,Monday
Community,Community Wing,8/10/2026,1:00 PM,4:00 PM,Euchre,Monday
Child Watch,Child Watch,8/10/2026,8:00 AM,12:00 PM,Child Watch (3mo. - 9yr),Monday
Child Watch,Child Watch,8/10/2026,4:30 PM,7:30 PM,Child Watch (3mo. - 9yr),Monday
Aquatics,Lap Pool,8/11/2026,5:00 AM,1:00 PM,Lap Swim,Tuesday
Aquatics,Lap Pool,8/11/2026,7:00 PM,8:30 PM,Lap Swim,Tuesday
Aquatics,Rec Pool & Lazy River,8/11/2026,5:00 AM,8:00 AM,Rec Swim (No Slide),Tuesday
Aquatics,Rec Pool & Lazy River,8/11/2026,12:00 PM,4:00 PM,Rec Swim (No Slide),Tuesday
Aquatics,Rec Pool & Lazy River,8/11/2026,7:40 PM,8:30 PM,Rec Swim (7:40p),Tuesday
Court Sports,Basketball Courts,8/11/2026,6:00 AM,9:00 AM,Open Pickleball,Tuesday
Court Sports,Basketball Courts,8/11/2026,6:00 PM,8:00 PM,Open Pickleball,Tuesday
Court Sports,Basketball Courts,8/11/2026,5:30 AM,8:00 AM,Adult Basketball,Tuesday
Court Sports,Basketball Courts,8/11/2026,11:15 AM,1:00 PM,Adult Basketball,Tuesday
Court Sports,Basketball Courts,8/11/2026,1:00 PM,9:00 PM,Open Basketball,Tuesday
Community,Community Wing,8/11/2026,1:00 PM,3:00 PM,Mah Jongg,Tuesday
Community,Studio 1,8/11/2026,11:00 AM,12:30 PM,Line Dancing,Tuesday
Child Watch,Child Watch,8/11/2026,8:00 AM,12:00 PM,Child Watch (3mo. - 9yr),Tuesday
Child Watch,Child Watch,8/11/2026,5:30 PM,7:30 PM,Child Watch (3mo. - 9yr),Tuesday
Aquatics,Lap Pool,8/12/2026,5:00 AM,8:00 AM,Lap Swim,Wednesday
Aquatics,Lap Pool,8/12/2026,9:00 AM,1:00 PM,Lap Swim,Wednesday
Aquatics,Lap Pool,8/12/2026,7:00 PM,8:30 PM,Lap Swim,Wednesday
Aquatics,Rec Pool & Lazy River,8/12/2026,5:00 AM,8:00 AM,Rec Swim (No Slide),Wednesday
Aquatics,Rec Pool & Lazy River,8/12/2026,12:00 PM,4:00 PM,Rec Swim (No Slide),Wednesday
Court Sports,Basketball Courts,8/12/2026,6:00 AM,9:00 AM,Open Pickleball,Wednesday
Court Sports,Basketball Courts,8/12/2026,6:00 PM,8:00 PM,Open Pickleball,Wednesday
Court Sports,Basketball Courts,8/12/2026,5:30 AM,8:00 AM,Adult Basketball,Wednesday
Court Sports,Basketball Courts,8/12/2026,11:15 AM,1:00 PM,Adult Basketball,Wednesday
Court Sports,Basketball Courts,8/12/2026,1:00 PM,9:00 PM,Open Basketball,Wednesday
Community,Community Wing,8/12/2026,1:00 PM,4:00 PM,Euchre,Wednesday
Child Watch,Child Watch,8/12/2026,8:00 AM,12:00 PM,Child Watch (3mo. - 9yr),Wednesday
Child Watch,Child Watch,8/12/2026,4:30 PM,7:30 PM,Child Watch (3mo. - 9yr),Wednesday
Aquatics,Lap Pool,8/13/2026,5:00 AM,1:00 PM,Lap Swim,Thursday
Aquatics,Rec Pool & Lazy River,8/13/2026,5:00 AM,8:00 AM,Rec Swim (No Slide),Thursday
Aquatics,Rec Pool & Lazy River,8/13/2026,12:00 PM,4:00 PM,Rec Swim (No Slide),Thursday
Aquatics,Full Pool,8/13/2026,4:00 PM,8:30 PM,Open Swim (Slide 30m Int.),Thursday
Court Sports,Basketball Courts,8/13/2026,6:00 AM,9:00 AM,Open Pickleball,Thursday
Court Sports,Basketball Courts,8/13/2026,6:00 PM,8:00 PM,Open Pickleball,Thursday
Court Sports,Basketball Courts,8/13/2026,5:30 AM,8:00 AM,Adult Basketball,Thursday
Court Sports,Basketball Courts,8/13/2026,1:00 PM,9:00 PM,Open Basketball,Thursday
Community,Community Wing,8/13/2026,1:00 PM,3:00 PM,Mah Jongg,Thursday
Community,Studio 1,8/13/2026,11:00 AM,12:30 PM,Line Dancing,Thursday
Child Watch,Child Watch,8/13/2026,8:00 AM,12:00 PM,Child Watch (3mo. - 9yr),Thursday
Child Watch,Child Watch,8/13/2026,5:30 PM,7:30 PM,Child Watch (3mo. - 9yr),Thursday
Aquatics,Lap Pool,8/14/2026,5:00 AM,8:00 AM,Lap Swim,Friday
Aquatics,Lap Pool,8/14/2026,9:00 AM,1:00 PM,Lap Swim,Friday
Aquatics,Rec Pool & Lazy River,8/14/2026,5:00 AM,8:00 AM,Rec Swim (No Slide),Friday
Aquatics,Rec Pool & Lazy River,8/14/2026,11:30 AM,4:00 PM,Rec Swim (No Slide),Friday
Aquatics,Full Pool,8/14/2026,4:00 PM,6:30 PM,Open Swim (Slide 30m Int.),Friday
Court Sports,Basketball Courts,8/14/2026,6:00 AM,9:00 AM,Open Pickleball,Friday
Court Sports,Basketball Courts,8/14/2026,5:30 AM,8:00 AM,Adult Basketball,Friday
Court Sports,Basketball Courts,8/14/2026,11:15 AM,1:00 PM,Adult Basketball,Friday
Court Sports,Basketball Courts,8/14/2026,1:00 PM,7:00 PM,Open Basketball,Friday
Court Sports,Basketball Courts,8/14/2026,4:30 PM,7:00 PM,Adult Volleyball,Friday
Child Watch,Child Watch,8/14/2026,8:00 AM,12:00 PM,Child Watch (3mo. - 9yr),Friday
Aquatics,Lap Pool,8/15/2026,5:00 AM,8:00 AM,Lap Swim,Saturday
Aquatics,Rec Pool & Lazy River,8/15/2026,8:00 AM,12:00 PM,Rec Swim (No Slide),Saturday
Aquatics,Full Pool,8/15/2026,12:00 PM,5:00 PM,Open Swim (Slide 30m Int.),Saturday
Court Sports,Basketball Courts,8/15/2026,7:30 AM,2:00 PM,Open Pickleball,Saturday
Court Sports,Basketball Courts,8/15/2026,7:00 AM,5:30 PM,Open Basketball,Saturday
Court Sports,Basketball Courts,8/15/2026,3:00 PM,5:30 PM,Open Volleyball,Saturday
Child Watch,Child Watch,8/15/2026,8:00 AM,12:00 PM,Child Watch (3mo. - 9yr),Saturday
Aquatics,Lap Pool,8/16/2026,11:00 AM,1:00 PM,Lap Swim,Sunday
Aquatics,Rec Pool & Lazy River,8/16/2026,11:00 AM,1:00 PM,Rec Swim (No Slide),Sunday
Aquatics,Full Pool,8/16/2026,1:00 PM,4:30 PM,Open Swim (Slide 30m Int.),Sunday
Court Sports,3 Courts,8/16/2026,10:00 AM,2:00 PM,Open Pickleball,Sunday
Court Sports,Basketball Courts,8/16/2026,10:00 AM,5:00 PM,Open Basketball,Sunday
Court Sports,Basketball Courts,8/16/2026,10:00 AM,2:00 PM,Open Volleyball,Sunday
Aquatics,Lap Pool,8/17/2026,5:00 AM,8:00 AM,Lap Swim,Monday
Aquatics,Lap Pool,8/17/2026,9:00 AM,1:00 PM,Lap Swim,Monday
Aquatics,Lap Pool,8/17/2026,7:00 PM,8:30 PM,Lap Swim,Monday
Aquatics,Rec Pool & Lazy River,8/17/2026,5:00 AM,8:00 AM,Rec Swim (No Slide),Monday
Aquatics,Rec Pool & Lazy River,8/17/2026,11:30 AM,4:00 PM,Rec Swim (No Slide),Monday
Court Sports,Basketball Courts,8/17/2026,6:00 AM,9:00 AM,Open Pickleball,Monday
Court Sports,Basketball Courts,8/17/2026,6:00 PM,8:00 PM,Open Pickleball,Monday
Court Sports,Basketball Courts,8/17/2026,5:30 AM,8:00 AM,Adult Basketball,Monday
Court Sports,Basketball Courts,8/17/2026,11:15 AM,1:00 PM,Adult Basketball,Monday
Court Sports,Basketball Courts,8/17/2026,1:00 PM,9:00 PM,Open Basketball,Monday
Community,Community Wing,8/17/2026,1:00 PM,4:00 PM,Euchre,Monday
Child Watch,Child Watch,8/17/2026,8:00 AM,12:00 PM,Child Watch (3mo. - 9yr),Monday
Child Watch,Child Watch,8/17/2026,4:30 PM,7:30 PM,Child Watch (3mo. - 9yr),Monday
Aquatics,Lap Pool,8/18/2026,5:00 AM,1:00 PM,Lap Swim,Tuesday
Aquatics,Lap Pool,8/18/2026,7:00 PM,8:30 PM,Lap Swim,Tuesday
Aquatics,Rec Pool & Lazy River,8/18/2026,5:00 AM,8:00 AM,Rec Swim (No Slide),Tuesday
Aquatics,Rec Pool & Lazy River,8/18/2026,12:00 PM,4:00 PM,Rec Swim (No Slide),Tuesday
Aquatics,Rec Pool & Lazy River,8/18/2026,7:40 PM,8:30 PM,Rec Swim (7:40p),Tuesday
Court Sports,Basketball Courts,8/18/2026,6:00 AM,9:00 AM,Open Pickleball,Tuesday
Court Sports,Basketball Courts,8/18/2026,6:00 PM,8:00 PM,Open Pickleball,Tuesday
Court Sports,Basketball Courts,8/18/2026,5:30 AM,8:00 AM,Adult Basketball,Tuesday
Court Sports,Basketball Courts,8/18/2026,11:15 AM,1:00 PM,Adult Basketball,Tuesday
Court Sports,Basketball Courts,8/18/2026,1:00 PM,9:00 PM,Open Basketball,Tuesday
Community,Community Wing,8/18/2026,1:00 PM,3:00 PM,Mah Jongg,Tuesday
Community,Studio 1,8/18/2026,11:00 AM,12:30 PM,Line Dancing,Tuesday
Child Watch,Child Watch,8/18/2026,8:00 AM,12:00 PM,Child Watch (3mo. - 9yr),Tuesday
Child Watch,Child Watch,8/18/2026,5:30 PM,7:30 PM,Child Watch (3mo. - 9yr),Tuesday
Aquatics,Lap Pool,8/19/2026,5:00 AM,8:00 AM,Lap Swim,Wednesday
Aquatics,Lap Pool,8/19/2026,9:00 AM,1:00 PM,Lap Swim,Wednesday
Aquatics,Lap Pool,8/19/2026,7:00 PM,8:30 PM,Lap Swim,Wednesday
Aquatics,Rec Pool & Lazy River,8/19/2026,5:00 AM,8:00 AM,Rec Swim (No Slide),Wednesday
Aquatics,Rec Pool & Lazy River,8/19/2026,12:00 PM,4:00 PM,Rec Swim (No Slide),Wednesday
Court Sports,Basketball Courts,8/19/2026,6:00 AM,9:00 AM,Open Pickleball,Wednesday
Court Sports,Basketball Courts,8/19/2026,6:00 PM,8:00 PM,Open Pickleball,Wednesday
Court Sports,Basketball Courts,8/19/2026,5:30 AM,8:00 AM,Adult Basketball,Wednesday
Court Sports,Basketball Courts,8/19/2026,11:15 AM,1:00 PM,Adult Basketball,Wednesday
Court Sports,Basketball Courts,8/19/2026,1:00 PM,9:00 PM,Open Basketball,Wednesday
Community,Community Wing,8/19/2026,1:00 PM,4:00 PM,Euchre,Wednesday
Child Watch,Child Watch,8/19/2026,8:00 AM,12:00 PM,Child Watch (3mo. - 9yr),Wednesday
Child Watch,Child Watch,8/19/2026,4:30 PM,7:30 PM,Child Watch (3mo. - 9yr),Wednesday
Aquatics,Lap Pool,8/20/2026,5:00 AM,1:00 PM,Lap Swim,Thursday
Aquatics,Rec Pool & Lazy River,8/20/2026,5:00 AM,8:00 AM,Rec Swim (No Slide),Thursday
Aquatics,Rec Pool & Lazy River,8/20/2026,12:00 PM,4:00 PM,Rec Swim (No Slide),Thursday
Aquatics,Full Pool,8/20/2026,4:00 PM,8:30 PM,Open Swim (Slide 30m Int.),Thursday
Court Sports,Basketball Courts,8/20/2026,6:00 AM,9:00 AM,Open Pickleball,Thursday
Court Sports,Basketball Courts,8/20/2026,6:00 PM,8:00 PM,Open Pickleball,Thursday
Court Sports,Basketball Courts,8/20/2026,5:30 AM,8:00 AM,Adult Basketball,Thursday
Court Sports,Basketball Courts,8/20/2026,1:00 PM,9:00 PM,Open Basketball,Thursday
Community,Community Wing,8/20/2026,1:00 PM,3:00 PM,Mah Jongg,Thursday
Community,Studio 1,8/20/2026,11:00 AM,12:30 PM,Line Dancing,Thursday
Child Watch,Child Watch,8/20/2026,8:00 AM,12:00 PM,Child Watch (3mo. - 9yr),Thursday
Child Watch,Child Watch,8/20/2026,5:30 PM,7:30 PM,Child Watch (3mo. - 9yr),Thursday
Aquatics,Lap Pool,8/21/2026,5:00 AM,8:00 AM,Lap Swim,Friday
Aquatics,Lap Pool,8/21/2026,9:00 AM,1:00 PM,Lap Swim,Friday
Aquatics,Rec Pool & Lazy River,8/21/2026,5:00 AM,8:00 AM,Rec Swim (No Slide),Friday
Aquatics,Rec Pool & Lazy River,8/21/2026,11:30 AM,4:00 PM,Rec Swim (No Slide),Friday
Aquatics,Full Pool,8/21/2026,4:00 PM,6:30 PM,Open Swim (Slide 30m Int.),Friday
Court Sports,Basketball Courts,8/21/2026,6:00 AM,9:00 AM,Open Pickleball,Friday
Court Sports,Basketball Courts,8/21/2026,5:30 AM,8:00 AM,Adult Basketball,Friday
Court Sports,Basketball Courts,8/21/2026,11:15 AM,1:00 PM,Adult Basketball,Friday
Court Sports,Basketball Courts,8/21/2026,1:00 PM,7:00 PM,Open Basketball,Friday
Court Sports,Basketball Courts,8/21/2026,4:30 PM,7:00 PM,Adult Volleyball,Friday
Child Watch,Child Watch,8/21/2026,8:00 AM,12:00 PM,Child Watch (3mo. - 9yr),Friday
Aquatics,Lap Pool,8/22/2026,5:00 AM,8:00 AM,Lap Swim,Saturday
Aquatics,Rec Pool & Lazy River,8/22/2026,8:00 AM,12:00 PM,Rec Swim (No Slide),Saturday
Aquatics,Full Pool,8/22/2026,12:00 PM,5:00 PM,Open Swim (Slide 30m Int.),Saturday
Court Sports,Basketball Courts,8/22/2026,7:30 AM,2:00 PM,Open Pickleball,Saturday
Court Sports,Basketball Courts,8/22/2026,7:00 AM,5:30 PM,Open Basketball,Saturday
Court Sports,Basketball Courts,8/22/2026,3:00 PM,5:30 PM,Open Volleyball,Saturday
Child Watch,Child Watch,8/22/2026,8:00 AM,12:00 PM,Child Watch (3mo. - 9yr),Saturday
Aquatics,Lap Pool,9/15/2026,5:00 AM,3:30 PM,Lap Swim,Tuesday
Aquatics,Lap Pool,9/15/2026,7:30 PM,8:30 PM,Lap Swim,Tuesday
Aquatics,Rec Pool & Lazy River,9/15/2026,5:00 AM,8:00 AM,Rec Swim (No Slide),Tuesday
Aquatics,Rec Pool & Lazy River,9/15/2026,12:00 PM,3:30 PM,Rec Swim (No Slide),Tuesday
Aquatics,Rec Pool & Lazy River,9/15/2026,7:30 PM,8:30 PM,Rec Swim (No Slide),Tuesday
Court Sports,3 Courts,9/15/2026,6:00 AM,11:00 AM,Open Pickleball,Tuesday
Court Sports,Basketball Courts,9/15/2026,5:30 AM,8:30 AM,Adult Basketball,Tuesday
Court Sports,Basketball Courts,9/15/2026,11:15 AM,1:00 PM,Adult Basketball,Tuesday
Court Sports,Basketball Courts,9/15/2026,3:00 PM,5:00 PM,Youth Basketball,Tuesday
Court Sports,Basketball Courts,9/15/2026,5:00 PM,9:00 PM,Open Basketball,Tuesday
Child Watch,Child Watch,9/15/2026,8:00 AM,12:00 PM,Child Watch (3mo. - 9yr),Tuesday
Child Watch,Child Watch,9/15/2026,4:30 PM,7:30 PM,Child Watch (3mo. - 9yr),Tuesday
Child Watch,The Zone,9/15/2026,4:40 PM,7:30 PM,The Zone (Ages 6 - 12),Tuesday
Community,Community Wing,9/15/2026,1:00 PM,3:00 PM,Mah Jongg,Tuesday
Community,Studio 1,9/15/2026,2:00 PM,3:30 PM,Line Dancing,Tuesday
Aquatics,Lap Pool,9/16/2026,5:00 AM,8:00 AM,Lap Swim,Wednesday
Aquatics,Lap Pool,9/16/2026,9:00 AM,3:30 PM,Lap Swim,Wednesday
Aquatics,Lap Pool,9/16/2026,7:30 PM,8:30 PM,Lap Swim,Wednesday
Aquatics,Rec Pool & Lazy River,9/16/2026,5:00 AM,9:00 AM,Rec Swim (No Slide),Wednesday
Aquatics,Rec Pool & Lazy River,9/16/2026,11:00 AM,3:30 PM,Rec Swim (No Slide),Wednesday
Court Sports,3 Courts,9/16/2026,6:00 AM,11:00 AM,Open Pickleball,Wednesday
Court Sports,Basketball Courts,9/16/2026,1:15 PM,3:15 PM,Open Pickleball,Wednesday
Court Sports,Basketball Courts,9/16/2026,5:30 AM,8:00 AM,Adult Basketball,Wednesday
Court Sports,Basketball Courts,9/16/2026,11:15 AM,1:00 PM,Adult Basketball,Wednesday
Court Sports,Basketball Courts,9/16/2026,3:00 PM,5:00 PM,Youth Basketball,Wednesday
Court Sports,Basketball Courts,9/16/2026,5:00 PM,9:00 PM,Open Basketball,Wednesday
Community,Community Wing,9/16/2026,1:00 PM,4:00 PM,Euchre,Wednesday
Child Watch,Child Watch,9/16/2026,8:00 AM,12:00 PM,Child Watch (3mo. - 9yr),Wednesday
Child Watch,Child Watch,9/16/2026,4:30 PM,7:30 PM,Child Watch (3mo. - 9yr),Wednesday
Child Watch,The Zone,9/16/2026,4:30 PM,7:30 PM,The Zone (Ages 6 - 12),Wednesday
Community,Little Gym,9/16/2026,10:00 AM,12:00 PM,Jungle Gym (Ages 8 and under w/ Parent),Wednesday
Aquatics,Lap Pool,9/17/2026,5:00 AM,3:30 PM,Lap Swim,Thursday
Aquatics,Rec Pool & Lazy River,9/17/2026,5:00 AM,8:00 AM,Rec Swim (No Slide),Thursday
Aquatics,Rec Pool & Lazy River,9/17/2026,12:00 PM,3:30 PM,Rec Swim (No Slide),Thursday
Aquatics,Full Pool,9/17/2026,6:00 PM,8:30 PM,Open Swim ($6 Community Swim),Thursday
Court Sports,3 Courts,9/17/2026,6:00 AM,11:00 AM,Open Pickleball,Thursday
Court Sports,Basketball Courts,9/17/2026,5:30 AM,8:00 AM,Adult Basketball,Thursday
Court Sports,Basketball Courts,9/17/2026,11:15 AM,1:00 PM,Adult Basketball,Thursday
Court Sports,Basketball Courts,9/17/2026,3:00 PM,5:00 PM,Youth Basketball,Thursday
Court Sports,Basketball Courts,9/17/2026,5:00 PM,9:00 PM,Open Basketball,Thursday
Community,Community Wing,9/17/2026,1:00 PM,3:00 PM,Mah Jongg,Thursday
Community,Studio 1,9/17/2026,2:00 PM,3:30 PM,Line Dancing,Thursday
Child Watch,Child Watch,9/17/2026,8:00 AM,12:00 PM,Child Watch (3mo. - 9yr),Thursday
Child Watch,Child Watch,9/17/2026,5:30 PM,7:30 PM,Child Watch (3mo. - 9yr),Thursday
Aquatics,Lap Pool,9/18/2026,5:00 AM,8:00 AM,Lap Swim,Friday
Aquatics,Lap Pool,9/18/2026,9:00 AM,3:30 PM,Lap Swim,Friday
Aquatics,Rec Pool & Lazy River,9/18/2026,5:00 AM,9:00 AM,Rec Swim (No Slide),Friday
Aquatics,Rec Pool & Lazy River,9/18/2026,11:00 AM,3:30 PM,Rec Swim (No Slide),Friday
Aquatics,Full Pool,9/18/2026,6:00 PM,8:30 PM,Open Swim (Slide 30m Int.),Friday
Court Sports,3 Courts,9/18/2026,6:00 AM,11:00 AM,Open Pickleball,Friday
Court Sports,Basketball Courts,9/18/2026,1:15 PM,3:15 PM,Open Pickleball,Friday
Court Sports,Basketball Courts,9/18/2026,5:30 AM,8:00 AM,Adult Basketball,Friday
Court Sports,Basketball Courts,9/18/2026,11:15 AM,1:00 PM,Adult Basketball,Friday
Court Sports,Basketball Courts,9/18/2026,3:00 PM,5:00 PM,Youth Basketball,Friday
Court Sports,Basketball Courts,9/18/2026,5:00 PM,9:00 PM,Open Basketball,Friday
Court Sports,Basketball Courts,9/18/2026,4:00 PM,9:00 PM,Adult Volleyball,Friday
Child Watch,Child Watch,9/18/2026,8:00 AM,12:00 PM,Child Watch (3mo. - 9yr),Friday
Community,Little Gym,9/18/2026,10:00 AM,12:00 PM,Jungle Gym (Ages 8 and under w/ Parent),Friday
Aquatics,Lap Pool,9/19/2026,8:00 AM,1:00 PM,Lap Swim,Saturday
Aquatics,Full Pool,9/19/2026,1:00 PM,7:00 PM,Open Swim (Slide 30m Int.),Saturday
Court Sports,3 Courts,9/19/2026,7:30 AM,2:00 PM,Open Pickleball,Saturday
Court Sports,Basketball Courts,9/19/2026,12:00 PM,4:00 PM,Youth Basketball,Saturday
Court Sports,Basketball Courts,9/19/2026,4:00 PM,8:00 PM,Open Basketball,Saturday
Court Sports,Basketball Courts,9/19/2026,8:00 PM,9:00 PM,Adult Volleyball,Saturday
Court Sports,Basketball Courts,9/19/2026,4:00 PM,8:00 PM,Open Volleyball,Saturday
Child Watch,Child Watch,9/19/2026,8:00 AM,12:00 PM,Child Watch (3mo. - 9yr),Saturday
Child Watch,The Zone,9/19/2026,8:00 AM,12:00 PM,The Zone (Ages 6 - 12),Saturday
Community,Little Gym,9/19/2026,4:00 PM,6:00 PM,Jungle Gym (Ages 8 and under w/ Parent),Saturday
Aquatics,Lap Pool,9/20/2026,11:00 AM,2:00 PM,Lap Swim,Sunday
Aquatics,Rec Pool & Lazy River,9/20/2026,11:00 AM,2:00 PM,Rec Swim (No Slide),Sunday
Aquatics,Full Pool,9/20/2026,2:00 PM,5:00 PM,Open Swim (Slide 30m Int.),Sunday
Court Sports,3 Courts,9/20/2026,10:00 AM,2:00 PM,Open Pickleball,Sunday
Court Sports,Basketball Courts,9/20/2026,1:00 PM,5:30 PM,Open Basketball,Sunday
Court Sports,Basketball Courts,9/20/2026,10:00 AM,2:00 PM,Open Volleyball,Sunday
Aquatics,Lap Pool,9/21/2026,5:00 AM,8:00 AM,Lap Swim,Monday
Aquatics,Lap Pool,9/21/2026,9:00 AM,3:30 PM,Lap Swim,Monday
Aquatics,Lap Pool,9/21/2026,7:30 PM,8:30 PM,Lap Swim,Monday
Aquatics,Rec Pool & Lazy River,9/21/2026,5:00 AM,9:00 AM,Rec Swim (No Slide),Monday
Aquatics,Rec Pool & Lazy River,9/21/2026,11:00 AM,3:30 PM,Rec Swim (No Slide),Monday
Court Sports,3 Courts,9/21/2026,6:00 AM,11:00 AM,Open Pickleball,Monday
Court Sports,Basketball Courts,9/21/2026,1:15 PM,3:15 PM,Open Pickleball,Monday
Court Sports,Basketball Courts,9/21/2026,5:30 AM,8:00 AM,Adult Basketball,Monday
Court Sports,Basketball Courts,9/21/2026,11:15 AM,1:00 PM,Adult Basketball,Monday
Court Sports,Basketball Courts,9/21/2026,3:00 PM,5:00 PM,Youth Basketball,Monday
Court Sports,Basketball Courts,9/21/2026,5:00 PM,9:00 PM,Open Basketball,Monday
Community,Community Wing,9/21/2026,1:00 PM,4:00 PM,Euchre,Monday
Child Watch,Child Watch,9/21/2026,8:00 AM,12:00 PM,Child Watch (3mo. - 9yr),Monday
Child Watch,Child Watch,9/21/2026,4:30 PM,7:30 PM,Child Watch (3mo. - 9yr),Monday
Child Watch,The Zone,9/21/2026,4:30 PM,7:30 PM,The Zone (Ages 6 - 12),Monday
Community,Little Gym,9/21/2026,10:00 AM,12:00 PM,Jungle Gym (Ages 8 and under w/ Parent),Monday
Aquatics,Lap Pool,9/22/2026,5:00 AM,3:30 PM,Lap Swim,Tuesday
Aquatics,Lap Pool,9/22/2026,7:30 PM,8:30 PM,Lap Swim,Tuesday
Aquatics,Rec Pool & Lazy River,9/22/2026,5:00 AM,8:00 AM,Rec Swim (No Slide),Tuesday
Aquatics,Rec Pool & Lazy River,9/22/2026,12:00 PM,3:30 PM,Rec Swim (No Slide),Tuesday
Aquatics,Rec Pool & Lazy River,9/22/2026,7:30 PM,8:30 PM,Rec Swim (No Slide),Tuesday
Court Sports,3 Courts,9/22/2026,6:00 AM,11:00 AM,Open Pickleball,Tuesday
Court Sports,Basketball Courts,9/22/2026,5:30 AM,8:30 AM,Adult Basketball,Tuesday
Court Sports,Basketball Courts,9/22/2026,11:15 AM,1:00 PM,Adult Basketball,Tuesday
Court Sports,Basketball Courts,9/22/2026,3:00 PM,5:00 PM,Youth Basketball,Tuesday
Court Sports,Basketball Courts,9/22/2026,5:00 PM,9:00 PM,Open Basketball,Tuesday
Child Watch,Child Watch,9/22/2026,8:00 AM,12:00 PM,Child Watch (3mo. - 9yr),Tuesday
Child Watch,Child Watch,9/22/2026,4:30 PM,7:30 PM,Child Watch (3mo. - 9yr),Tuesday
Child Watch,The Zone,9/22/2026,4:40 PM,7:30 PM,The Zone (Ages 6 - 12),Tuesday
Community,Community Wing,9/22/2026,1:00 PM,3:00 PM,Mah Jongg,Tuesday
Community,Studio 1,9/22/2026,2:00 PM,3:30 PM,Line Dancing,Tuesday
Aquatics,Lap Pool,9/23/2026,5:00 AM,8:00 AM,Lap Swim,Wednesday
Aquatics,Lap Pool,9/23/2026,9:00 AM,3:30 PM,Lap Swim,Wednesday
Aquatics,Lap Pool,9/23/2026,7:30 PM,8:30 PM,Lap Swim,Wednesday
Aquatics,Rec Pool & Lazy River,9/23/2026,5:00 AM,9:00 AM,Rec Swim (No Slide),Wednesday
Aquatics,Rec Pool & Lazy River,9/23/2026,11:00 AM,3:30 PM,Rec Swim (No Slide),Wednesday
Court Sports,3 Courts,9/23/2026,6:00 AM,11:00 AM,Open Pickleball,Wednesday
Court Sports,Basketball Courts,9/23/2026,1:15 PM,3:15 PM,Open Pickleball,Wednesday
Court Sports,Basketball Courts,9/23/2026,5:30 AM,8:00 AM,Adult Basketball,Wednesday
Court Sports,Basketball Courts,9/23/2026,11:15 AM,1:00 PM,Adult Basketball,Wednesday
Court Sports,Basketball Courts,9/23/2026,3:00 PM,5:00 PM,Youth Basketball,Wednesday
Court Sports,Basketball Courts,9/23/2026,5:00 PM,9:00 PM,Open Basketball,Wednesday
Community,Community Wing,9/23/2026,1:00 PM,4:00 PM,Euchre,Wednesday
Child Watch,Child Watch,9/23/2026,8:00 AM,12:00 PM,Child Watch (3mo. - 9yr),Wednesday
Child Watch,Child Watch,9/23/2026,4:30 PM,7:30 PM,Child Watch (3mo. - 9yr),Wednesday
Child Watch,The Zone,9/23/2026,4:30 PM,7:30 PM,The Zone (Ages 6 - 12),Wednesday
Community,Little Gym,9/23/2026,10:00 AM,12:00 PM,Jungle Gym (Ages 8 and under w/ Parent),Wednesday
Aquatics,Lap Pool,9/24/2026,5:00 AM,3:30 PM,Lap Swim,Thursday
Aquatics,Rec Pool & Lazy River,9/24/2026,5:00 AM,8:00 AM,Rec Swim (No Slide),Thursday
Aquatics,Rec Pool & Lazy River,9/24/2026,12:00 PM,3:30 PM,Rec Swim (No Slide),Thursday
Aquatics,Full Pool,9/24/2026,6:00 PM,8:30 PM,Open Swim ($6 Community Swim),Thursday
Court Sports,3 Courts,9/24/2026,6:00 AM,11:00 AM,Open Pickleball,Thursday
Court Sports,Basketball Courts,9/24/2026,5:30 AM,8:00 AM,Adult Basketball,Thursday
Court Sports,Basketball Courts,9/24/2026,11:15 AM,1:00 PM,Adult Basketball,Thursday
Court Sports,Basketball Courts,9/24/2026,3:00 PM,5:00 PM,Youth Basketball,Thursday
Court Sports,Basketball Courts,9/24/2026,5:00 PM,9:00 PM,Open Basketball,Thursday
Community,Community Wing,9/24/2026,1:00 PM,3:00 PM,Mah Jongg,Thursday
Community,Studio 1,9/24/2026,2:00 PM,3:30 PM,Line Dancing,Thursday
Child Watch,Child Watch,9/24/2026,8:00 AM,12:00 PM,Child Watch (3mo. - 9yr),Thursday
Child Watch,Child Watch,9/24/2026,5:30 PM,7:30 PM,Child Watch (3mo. - 9yr),Thursday
Aquatics,Lap Pool,9/25/2026,5:00 AM,8:00 AM,Lap Swim,Friday
Aquatics,Lap Pool,9/25/2026,9:00 AM,3:30 PM,Lap Swim,Friday
Aquatics,Rec Pool & Lazy River,9/25/2026,5:00 AM,9:00 AM,Rec Swim (No Slide),Friday
Aquatics,Rec Pool & Lazy River,9/25/2026,11:00 AM,3:30 PM,Rec Swim (No Slide),Friday
Aquatics,Full Pool,9/25/2026,6:00 PM,8:30 PM,Open Swim (Slide 30m Int.),Friday
Court Sports,3 Courts,9/25/2026,6:00 AM,11:00 AM,Open Pickleball,Friday
Court Sports,Basketball Courts,9/25/2026,1:15 PM,3:15 PM,Open Pickleball,Friday
Court Sports,Basketball Courts,9/25/2026,5:30 AM,8:00 AM,Adult Basketball,Friday
Court Sports,Basketball Courts,9/25/2026,11:15 AM,1:00 PM,Adult Basketball,Friday
Court Sports,Basketball Courts,9/25/2026,3:00 PM,5:00 PM,Youth Basketball,Friday
Court Sports,Basketball Courts,9/25/2026,5:00 PM,9:00 PM,Open Basketball,Friday
Court Sports,Basketball Courts,9/25/2026,4:00 PM,9:00 PM,Adult Volleyball,Friday
Child Watch,Child Watch,9/25/2026,8:00 AM,12:00 PM,Child Watch (3mo. - 9yr),Friday
Community,Little Gym,9/25/2026,10:00 AM,12:00 PM,Jungle Gym (Ages 8 and under w/ Parent),Friday
Aquatics,Lap Pool,9/26/2026,8:00 AM,1:00 PM,Lap Swim,Saturday
Aquatics,Full Pool,9/26/2026,1:00 PM,7:00 PM,Open Swim (Slide 30m Int.),Saturday
Court Sports,3 Courts,9/26/2026,7:30 AM,2:00 PM,Open Pickleball,Saturday
Court Sports,Basketball Courts,9/26/2026,12:00 PM,4:00 PM,Youth Basketball,Saturday
Court Sports,Basketball Courts,9/26/2026,4:00 PM,8:00 PM,Open Basketball,Saturday
Court Sports,Basketball Courts,9/26/2026,8:00 PM,9:00 PM,Adult Volleyball,Saturday
Court Sports,Basketball Courts,9/26/2026,4:00 PM,8:00 PM,Open Volleyball,Saturday
Child Watch,Child Watch,9/26/2026,8:00 AM,12:00 PM,Child Watch (3mo. - 9yr),Saturday
Child Watch,The Zone,9/26/2026,8:00 AM,12:00 PM,The Zone (Ages 6 - 12),Saturday
Community,Little Gym,9/26/2026,4:00 PM,6:00 PM,Jungle Gym (Ages 8 and under w/ Parent),Saturday
Aquatics,Lap Pool,9/27/2026,11:00 AM,2:00 PM,Lap Swim,Sunday
Aquatics,Rec Pool & Lazy River,9/27/2026,11:00 AM,2:00 PM,Rec Swim (No Slide),Sunday
Aquatics,Full Pool,9/27/2026,2:00 PM,5:00 PM,Open Swim (Slide 30m Int.),Sunday
Court Sports,3 Courts,9/27/2026,10:00 AM,2:00 PM,Open Pickleball,Sunday
Court Sports,Basketball Courts,9/27/2026,1:00 PM,5:30 PM,Open Basketball,Sunday
Court Sports,Basketball Courts,9/27/2026,10:00 AM,2:00 PM,Open Volleyball,Sunday
Aquatics,Lap Pool,9/28/2026,5:00 AM,8:00 AM,Lap Swim,Monday
Aquatics,Lap Pool,9/28/2026,9:00 AM,3:30 PM,Lap Swim,Monday
Aquatics,Lap Pool,9/28/2026,7:30 PM,8:30 PM,Lap Swim,Monday
Aquatics,Rec Pool & Lazy River,9/28/2026,5:00 AM,9:00 AM,Rec Swim (No Slide),Monday
Aquatics,Rec Pool & Lazy River,9/28/2026,11:00 AM,3:30 PM,Rec Swim (No Slide),Monday
Court Sports,3 Courts,9/28/2026,6:00 AM,11:00 AM,Open Pickleball,Monday
Court Sports,Basketball Courts,9/28/2026,1:15 PM,3:15 PM,Open Pickleball,Monday
Court Sports,Basketball Courts,9/28/2026,5:30 AM,8:00 AM,Adult Basketball,Monday
Court Sports,Basketball Courts,9/28/2026,11:15 AM,1:00 PM,Adult Basketball,Monday
Court Sports,Basketball Courts,9/28/2026,3:00 PM,5:00 PM,Youth Basketball,Monday
Court Sports,Basketball Courts,9/28/2026,5:00 PM,9:00 PM,Open Basketball,Monday
Community,Community Wing,9/28/2026,1:00 PM,4:00 PM,Euchre,Monday
Child Watch,Child Watch,9/28/2026,8:00 AM,12:00 PM,Child Watch (3mo. - 9yr),Monday
Child Watch,Child Watch,9/28/2026,4:30 PM,7:30 PM,Child Watch (3mo. - 9yr),Monday
Child Watch,The Zone,9/28/2026,4:30 PM,7:30 PM,The Zone (Ages 6 - 12),Monday
Community,Little Gym,9/28/2026,10:00 AM,12:00 PM,Jungle Gym (Ages 8 and under w/ Parent),Monday
Aquatics,Lap Pool,9/29/2026,5:00 AM,3:30 PM,Lap Swim,Tuesday
Aquatics,Lap Pool,9/29/2026,7:30 PM,8:30 PM,Lap Swim,Tuesday
Aquatics,Rec Pool & Lazy River,9/29/2026,5:00 AM,8:00 AM,Rec Swim (No Slide),Tuesday
Aquatics,Rec Pool & Lazy River,9/29/2026,12:00 PM,3:30 PM,Rec Swim (No Slide),Tuesday
Aquatics,Rec Pool & Lazy River,9/29/2026,7:30 PM,8:30 PM,Rec Swim (No Slide),Tuesday
Court Sports,3 Courts,9/29/2026,6:00 AM,11:00 AM,Open Pickleball,Tuesday
Court Sports,Basketball Courts,9/29/2026,5:30 AM,8:30 AM,Adult Basketball,Tuesday
Court Sports,Basketball Courts,9/29/2026,11:15 AM,1:00 PM,Adult Basketball,Tuesday
Court Sports,Basketball Courts,9/29/2026,3:00 PM,5:00 PM,Youth Basketball,Tuesday
Court Sports,Basketball Courts,9/29/2026,5:00 PM,9:00 PM,Open Basketball,Tuesday
Child Watch,Child Watch,9/29/2026,8:00 AM,12:00 PM,Child Watch (3mo. - 9yr),Tuesday
Child Watch,Child Watch,9/29/2026,4:30 PM,7:30 PM,Child Watch (3mo. - 9yr),Tuesday
Child Watch,The Zone,9/29/2026,4:40 PM,7:30 PM,The Zone (Ages 6 - 12),Tuesday
Community,Community Wing,9/29/2026,1:00 PM,3:00 PM,Mah Jongg,Tuesday
Community,Studio 1,9/29/2026,2:00 PM,3:30 PM,Line Dancing,Tuesday
Aquatics,Lap Pool,9/30/2026,5:00 AM,8:00 AM,Lap Swim,Wednesday
Aquatics,Lap Pool,9/30/2026,9:00 AM,3:30 PM,Lap Swim,Wednesday
Aquatics,Lap Pool,9/30/2026,7:30 PM,8:30 PM,Lap Swim,Wednesday
Aquatics,Rec Pool & Lazy River,9/30/2026,5:00 AM,9:00 AM,Rec Swim (No Slide),Wednesday
Aquatics,Rec Pool & Lazy River,9/30/2026,11:00 AM,3:30 PM,Rec Swim (No Slide),Wednesday
Court Sports,3 Courts,9/30/2026,6:00 AM,11:00 AM,Open Pickleball,Wednesday
Court Sports,Basketball Courts,9/30/2026,1:15 PM,3:15 PM,Open Pickleball,Wednesday
Court Sports,Basketball Courts,9/30/2026,5:30 AM,8:00 AM,Adult Basketball,Wednesday
Court Sports,Basketball Courts,9/30/2026,11:15 AM,1:00 PM,Adult Basketball,Wednesday
Court Sports,Basketball Courts,9/30/2026,3:00 PM,5:00 PM,Youth Basketball,Wednesday
Court Sports,Basketball Courts,9/30/2026,5:00 PM,9:00 PM,Open Basketball,Wednesday
Community,Community Wing,9/30/2026,1:00 PM,4:00 PM,Euchre,Wednesday
Child Watch,Child Watch,9/30/2026,8:00 AM,12:00 PM,Child Watch (3mo. - 9yr),Wednesday
Child Watch,Child Watch,9/30/2026,4:30 PM,7:30 PM,Child Watch (3mo. - 9yr),Wednesday
Child Watch,The Zone,9/30/2026,4:30 PM,7:30 PM,The Zone (Ages 6 - 12),Wednesday
Community,Little Gym,9/30/2026,10:00 AM,12:00 PM,Jungle Gym (Ages 8 and under w/ Parent),Wednesday
Aquatics,Lap Pool,10/1/2026,5:00 AM,3:30 PM,Lap Swim,Thursday
Aquatics,Rec Pool & Lazy River,10/1/2026,5:00 AM,8:00 AM,Rec Swim (No Slide),Thursday
Aquatics,Rec Pool & Lazy River,10/1/2026,12:00 PM,3:30 PM,Rec Swim (No Slide),Thursday
Aquatics,Full Pool,10/1/2026,6:00 PM,8:30 PM,Open Swim ($6 Community Swim),Thursday
Court Sports,3 Courts,10/1/2026,6:00 AM,11:00 AM,Open Pickleball,Thursday
Court Sports,Basketball Courts,10/1/2026,5:30 AM,8:00 AM,Adult Basketball,Thursday
Court Sports,Basketball Courts,10/1/2026,11:15 AM,1:00 PM,Adult Basketball,Thursday
Court Sports,Basketball Courts,10/1/2026,3:00 PM,5:00 PM,Youth Basketball,Thursday
Court Sports,Basketball Courts,10/1/2026,5:00 PM,9:00 PM,Open Basketball,Thursday
Community,Community Wing,10/1/2026,1:00 PM,3:00 PM,Mah Jongg,Thursday
Community,Studio 1,10/1/2026,2:00 PM,3:30 PM,Line Dancing,Thursday
Child Watch,Child Watch,10/1/2026,8:00 AM,12:00 PM,Child Watch (3mo. - 9yr),Thursday
Child Watch,Child Watch,10/1/2026,5:30 PM,7:30 PM,Child Watch (3mo. - 9yr),Thursday
Aquatics,Lap Pool,10/2/2026,5:00 AM,8:00 AM,Lap Swim,Friday
Aquatics,Lap Pool,10/2/2026,9:00 AM,3:30 PM,Lap Swim,Friday
Aquatics,Rec Pool & Lazy River,10/2/2026,5:00 AM,9:00 AM,Rec Swim (No Slide),Friday
Aquatics,Rec Pool & Lazy River,10/2/2026,11:00 AM,3:30 PM,Rec Swim (No Slide),Friday
Aquatics,Full Pool,10/2/2026,6:00 PM,8:30 PM,Open Swim (Slide 30m Int.),Friday
Court Sports,3 Courts,10/2/2026,6:00 AM,11:00 AM,Open Pickleball,Friday
Court Sports,Basketball Courts,10/2/2026,1:15 PM,3:15 PM,Open Pickleball,Friday
Court Sports,Basketball Courts,10/2/2026,5:30 AM,8:00 AM,Adult Basketball,Friday
Court Sports,Basketball Courts,10/2/2026,11:15 AM,1:00 PM,Adult Basketball,Friday
Court Sports,Basketball Courts,10/2/2026,3:00 PM,5:00 PM,Youth Basketball,Friday
Court Sports,Basketball Courts,10/2/2026,5:00 PM,9:00 PM,Open Basketball,Friday
Court Sports,Basketball Courts,10/2/2026,4:00 PM,9:00 PM,Adult Volleyball,Friday
Child Watch,Child Watch,10/2/2026,8:00 AM,12:00 PM,Child Watch (3mo. - 9yr),Friday
Community,Little Gym,10/2/2026,10:00 AM,12:00 PM,Jungle Gym (Ages 8 and under w/ Parent),Friday
Aquatics,Lap Pool,10/3/2026,8:00 AM,1:00 PM,Lap Swim,Saturday
Aquatics,Full Pool,10/3/2026,1:00 PM,7:00 PM,Open Swim (Slide 30m Int.),Saturday
Court Sports,3 Courts,10/3/2026,7:30 AM,2:00 PM,Open Pickleball,Saturday
Court Sports,Basketball Courts,10/3/2026,12:00 PM,4:00 PM,Youth Basketball,Saturday
Court Sports,Basketball Courts,10/3/2026,4:00 PM,8:00 PM,Open Basketball,Saturday
Court Sports,Basketball Courts,10/3/2026,8:00 PM,9:00 PM,Adult Volleyball,Saturday
Court Sports,Basketball Courts,10/3/2026,4:00 PM,8:00 PM,Open Volleyball,Saturday
Child Watch,Child Watch,10/3/2026,8:00 AM,12:00 PM,Child Watch (3mo. - 9yr),Saturday
Child Watch,The Zone,10/3/2026,8:00 AM,12:00 PM,The Zone (Ages 6 - 12),Saturday
Community,Little Gym,10/3/2026,4:00 PM,6:00 PM,Jungle Gym (Ages 8 and under w/ Parent),Saturday
Aquatics,Lap Pool,10/4/2026,11:00 AM,2:00 PM,Lap Swim,Sunday
Aquatics,Rec Pool & Lazy River,10/4/2026,11:00 AM,2:00 PM,Rec Swim (No Slide),Sunday
Aquatics,Full Pool,10/4/2026,2:00 PM,5:00 PM,Open Swim (Slide 30m Int.),Sunday
Court Sports,3 Courts,10/4/2026,10:00 AM,2:00 PM,Open Pickleball,Sunday
Court Sports,Basketball Courts,10/4/2026,1:00 PM,5:30 PM,Open Basketball,Sunday
Court Sports,Basketball Courts,10/4/2026,10:00 AM,2:00 PM,Open Volleyball,Sunday
Aquatics,Lap Pool,10/5/2026,5:00 AM,8:00 AM,Lap Swim,Monday
Aquatics,Lap Pool,10/5/2026,9:00 AM,3:30 PM,Lap Swim,Monday
Aquatics,Lap Pool,10/5/2026,7:30 PM,8:30 PM,Lap Swim,Monday
Aquatics,Rec Pool & Lazy River,10/5/2026,5:00 AM,9:00 AM,Rec Swim (No Slide),Monday
Aquatics,Rec Pool & Lazy River,10/5/2026,11:00 AM,3:30 PM,Rec Swim (No Slide),Monday
Court Sports,3 Courts,10/5/2026,6:00 AM,11:00 AM,Open Pickleball,Monday
Court Sports,Basketball Courts,10/5/2026,1:15 PM,3:15 PM,Open Pickleball,Monday
Court Sports,Basketball Courts,10/5/2026,5:30 AM,8:00 AM,Adult Basketball,Monday
Court Sports,Basketball Courts,10/5/2026,11:15 AM,1:00 PM,Adult Basketball,Monday
Court Sports,Basketball Courts,10/5/2026,3:00 PM,5:00 PM,Youth Basketball,Monday
Court Sports,Basketball Courts,10/5/2026,5:00 PM,9:00 PM,Open Basketball,Monday
Community,Community Wing,10/5/2026,1:00 PM,4:00 PM,Euchre,Monday
Child Watch,Child Watch,10/5/2026,8:00 AM,12:00 PM,Child Watch (3mo. - 9yr),Monday
Child Watch,Child Watch,10/5/2026,4:30 PM,7:30 PM,Child Watch (3mo. - 9yr),Monday
Child Watch,The Zone,10/5/2026,4:30 PM,7:30 PM,The Zone (Ages 6 - 12),Monday
Community,Little Gym,10/5/2026,10:00 AM,12:00 PM,Jungle Gym (Ages 8 and under w/ Parent),Monday
Aquatics,Lap Pool,10/6/2026,5:00 AM,3:30 PM,Lap Swim,Tuesday
Aquatics,Lap Pool,10/6/2026,7:30 PM,8:30 PM,Lap Swim,Tuesday
Aquatics,Rec Pool & Lazy River,10/6/2026,5:00 AM,8:00 AM,Rec Swim (No Slide),Tuesday
Aquatics,Rec Pool & Lazy River,10/6/2026,12:00 PM,3:30 PM,Rec Swim (No Slide),Tuesday
Aquatics,Rec Pool & Lazy River,10/6/2026,7:30 PM,8:30 PM,Rec Swim (No Slide),Tuesday
Court Sports,3 Courts,10/6/2026,6:00 AM,11:00 AM,Open Pickleball,Tuesday
Court Sports,Basketball Courts,10/6/2026,5:30 AM,8:30 AM,Adult Basketball,Tuesday
Court Sports,Basketball Courts,10/6/2026,11:15 AM,1:00 PM,Adult Basketball,Tuesday
Court Sports,Basketball Courts,10/6/2026,3:00 PM,5:00 PM,Youth Basketball,Tuesday
Court Sports,Basketball Courts,10/6/2026,5:00 PM,9:00 PM,Open Basketball,Tuesday
Child Watch,Child Watch,10/6/2026,8:00 AM,12:00 PM,Child Watch (3mo. - 9yr),Tuesday
Child Watch,Child Watch,10/6/2026,4:30 PM,7:30 PM,Child Watch (3mo. - 9yr),Tuesday
Child Watch,The Zone,10/6/2026,4:40 PM,7:30 PM,The Zone (Ages 6 - 12),Tuesday
Community,Community Wing,10/6/2026,1:00 PM,3:00 PM,Mah Jongg,Tuesday
Community,Studio 1,10/6/2026,2:00 PM,3:30 PM,Line Dancing,Tuesday
Aquatics,Lap Pool,10/7/2026,5:00 AM,8:00 AM,Lap Swim,Wednesday
Aquatics,Lap Pool,10/7/2026,9:00 AM,3:30 PM,Lap Swim,Wednesday
Aquatics,Lap Pool,10/7/2026,7:30 PM,8:30 PM,Lap Swim,Wednesday
Aquatics,Rec Pool & Lazy River,10/7/2026,5:00 AM,9:00 AM,Rec Swim (No Slide),Wednesday
Aquatics,Rec Pool & Lazy River,10/7/2026,11:00 AM,3:30 PM,Rec Swim (No Slide),Wednesday
Court Sports,3 Courts,10/7/2026,6:00 AM,11:00 AM,Open Pickleball,Wednesday
Court Sports,Basketball Courts,10/7/2026,1:15 PM,3:15 PM,Open Pickleball,Wednesday
Court Sports,Basketball Courts,10/7/2026,5:30 AM,8:00 AM,Adult Basketball,Wednesday
Court Sports,Basketball Courts,10/7/2026,11:15 AM,1:00 PM,Adult Basketball,Wednesday
Court Sports,Basketball Courts,10/7/2026,3:00 PM,5:00 PM,Youth Basketball,Wednesday
Court Sports,Basketball Courts,10/7/2026,5:00 PM,9:00 PM,Open Basketball,Wednesday
Community,Community Wing,10/7/2026,1:00 PM,4:00 PM,Euchre,Wednesday
Child Watch,Child Watch,10/7/2026,8:00 AM,12:00 PM,Child Watch (3mo. - 9yr),Wednesday
Child Watch,Child Watch,10/7/2026,4:30 PM,7:30 PM,Child Watch (3mo. - 9yr),Wednesday
Child Watch,The Zone,10/7/2026,4:30 PM,7:30 PM,The Zone (Ages 6 - 12),Wednesday
Community,Little Gym,10/7/2026,10:00 AM,12:00 PM,Jungle Gym (Ages 8 and under w/ Parent),Wednesday
Aquatics,Lap Pool,10/8/2026,5:00 AM,3:30 PM,Lap Swim,Thursday
Aquatics,Rec Pool & Lazy River,10/8/2026,5:00 AM,8:00 AM,Rec Swim (No Slide),Thursday
Aquatics,Rec Pool & Lazy River,10/8/2026,12:00 PM,3:30 PM,Rec Swim (No Slide),Thursday
Aquatics,Full Pool,10/8/2026,6:00 PM,8:30 PM,Open Swim ($6 Community Swim),Thursday
Court Sports,3 Courts,10/8/2026,6:00 AM,11:00 AM,Open Pickleball,Thursday
Court Sports,Basketball Courts,10/8/2026,5:30 AM,8:00 AM,Adult Basketball,Thursday
Court Sports,Basketball Courts,10/8/2026,11:15 AM,1:00 PM,Adult Basketball,Thursday
Court Sports,Basketball Courts,10/8/2026,3:00 PM,5:00 PM,Youth Basketball,Thursday
Court Sports,Basketball Courts,10/8/2026,5:00 PM,9:00 PM,Open Basketball,Thursday
Community,Community Wing,10/8/2026,1:00 PM,3:00 PM,Mah Jongg,Thursday
Community,Studio 1,10/8/2026,2:00 PM,3:30 PM,Line Dancing,Thursday
Child Watch,Child Watch,10/8/2026,8:00 AM,12:00 PM,Child Watch (3mo. - 9yr),Thursday
Child Watch,Child Watch,10/8/2026,5:30 PM,7:30 PM,Child Watch (3mo. - 9yr),Thursday
Aquatics,Lap Pool,10/9/2026,5:00 AM,8:00 AM,Lap Swim,Friday
Aquatics,Lap Pool,10/9/2026,9:00 AM,3:30 PM,Lap Swim,Friday
Aquatics,Rec Pool & Lazy River,10/9/2026,5:00 AM,9:00 AM,Rec Swim (No Slide),Friday
Aquatics,Rec Pool & Lazy River,10/9/2026,11:00 AM,3:30 PM,Rec Swim (No Slide),Friday
Aquatics,Full Pool,10/9/2026,6:00 PM,8:30 PM,Open Swim (Slide 30m Int.),Friday
Court Sports,3 Courts,10/9/2026,6:00 AM,11:00 AM,Open Pickleball,Friday
Court Sports,Basketball Courts,10/9/2026,1:15 PM,3:15 PM,Open Pickleball,Friday
Court Sports,Basketball Courts,10/9/2026,5:30 AM,8:00 AM,Adult Basketball,Friday
Court Sports,Basketball Courts,10/9/2026,11:15 AM,1:00 PM,Adult Basketball,Friday
Court Sports,Basketball Courts,10/9/2026,3:00 PM,5:00 PM,Youth Basketball,Friday
Court Sports,Basketball Courts,10/9/2026,5:00 PM,9:00 PM,Open Basketball,Friday
Court Sports,Basketball Courts,10/9/2026,4:00 PM,9:00 PM,Adult Volleyball,Friday
Child Watch,Child Watch,10/9/2026,8:00 AM,12:00 PM,Child Watch (3mo. - 9yr),Friday
Community,Little Gym,10/9/2026,10:00 AM,12:00 PM,Jungle Gym (Ages 8 and under w/ Parent),Friday
Aquatics,Lap Pool,10/10/2026,8:00 AM,1:00 PM,Lap Swim,Saturday
Aquatics,Full Pool,10/10/2026,1:00 PM,7:00 PM,Open Swim (Slide 30m Int.),Saturday
Court Sports,3 Courts,10/10/2026,7:30 AM,2:00 PM,Open Pickleball,Saturday
Court Sports,Basketball Courts,10/10/2026,12:00 PM,4:00 PM,Youth Basketball,Saturday
Court Sports,Basketball Courts,10/10/2026,4:00 PM,8:00 PM,Open Basketball,Saturday
Court Sports,Basketball Courts,10/10/2026,8:00 PM,9:00 PM,Adult Volleyball,Saturday
Court Sports,Basketball Courts,10/10/2026,4:00 PM,8:00 PM,Open Volleyball,Saturday
Child Watch,Child Watch,10/10/2026,8:00 AM,12:00 PM,Child Watch (3mo. - 9yr),Saturday
Child Watch,The Zone,10/10/2026,8:00 AM,12:00 PM,The Zone (Ages 6 - 12),Saturday
Community,Little Gym,10/10/2026,4:00 PM,6:00 PM,Jungle Gym (Ages 8 and under w/ Parent),Saturday
Aquatics,Lap Pool,10/11/2026,11:00 AM,2:00 PM,Lap Swim,Sunday
Aquatics,Rec Pool & Lazy River,10/11/2026,11:00 AM,2:00 PM,Rec Swim (No Slide),Sunday
Aquatics,Full Pool,10/11/2026,2:00 PM,5:00 PM,Open Swim (Slide 30m Int.),Sunday
Court Sports,3 Courts,10/11/2026,10:00 AM,2:00 PM,Open Pickleball,Sunday
Court Sports,Basketball Courts,10/11/2026,1:00 PM,5:30 PM,Open Basketball,Sunday
Court Sports,Basketball Courts,10/11/2026,10:00 AM,2:00 PM,Open Volleyball,Sunday
Aquatics,Lap Pool,10/12/2026,5:00 AM,8:00 AM,Lap Swim,Monday
Aquatics,Lap Pool,10/12/2026,9:00 AM,3:30 PM,Lap Swim,Monday
Aquatics,Lap Pool,10/12/2026,7:30 PM,8:30 PM,Lap Swim,Monday
Aquatics,Rec Pool & Lazy River,10/12/2026,5:00 AM,9:00 AM,Rec Swim (No Slide),Monday
Aquatics,Rec Pool & Lazy River,10/12/2026,11:00 AM,3:30 PM,Rec Swim (No Slide),Monday
Court Sports,3 Courts,10/12/2026,6:00 AM,11:00 AM,Open Pickleball,Monday
Court Sports,Basketball Courts,10/12/2026,1:15 PM,3:15 PM,Open Pickleball,Monday
Court Sports,Basketball Courts,10/12/2026,5:30 AM,8:00 AM,Adult Basketball,Monday
Court Sports,Basketball Courts,10/12/2026,11:15 AM,1:00 PM,Adult Basketball,Monday
Court Sports,Basketball Courts,10/12/2026,3:00 PM,5:00 PM,Youth Basketball,Monday
Court Sports,Basketball Courts,10/12/2026,5:00 PM,9:00 PM,Open Basketball,Monday
Community,Community Wing,10/12/2026,1:00 PM,4:00 PM,Euchre,Monday
Child Watch,Child Watch,10/12/2026,8:00 AM,12:00 PM,Child Watch (3mo. - 9yr),Monday
Child Watch,Child Watch,10/12/2026,4:30 PM,7:30 PM,Child Watch (3mo. - 9yr),Monday
Child Watch,The Zone,10/12/2026,4:30 PM,7:30 PM,The Zone (Ages 6 - 12),Monday
Community,Little Gym,10/12/2026,10:00 AM,12:00 PM,Jungle Gym (Ages 8 and under w/ Parent),Monday
Aquatics,Lap Pool,10/13/2026,5:00 AM,3:30 PM,Lap Swim,Tuesday
Aquatics,Lap Pool,10/13/2026,7:30 PM,8:30 PM,Lap Swim,Tuesday
Aquatics,Rec Pool & Lazy River,10/13/2026,5:00 AM,8:00 AM,Rec Swim (No Slide),Tuesday
Aquatics,Rec Pool & Lazy River,10/13/2026,12:00 PM,3:30 PM,Rec Swim (No Slide),Tuesday
Aquatics,Rec Pool & Lazy River,10/13/2026,7:30 PM,8:30 PM,Rec Swim (No Slide),Tuesday
Court Sports,3 Courts,10/13/2026,6:00 AM,11:00 AM,Open Pickleball,Tuesday
Court Sports,Basketball Courts,10/13/2026,5:30 AM,8:30 AM,Adult Basketball,Tuesday
Court Sports,Basketball Courts,10/13/2026,11:15 AM,1:00 PM,Adult Basketball,Tuesday
Court Sports,Basketball Courts,10/13/2026,3:00 PM,5:00 PM,Youth Basketball,Tuesday
Court Sports,Basketball Courts,10/13/2026,5:00 PM,9:00 PM,Open Basketball,Tuesday
Child Watch,Child Watch,10/13/2026,8:00 AM,12:00 PM,Child Watch (3mo. - 9yr),Tuesday
Child Watch,Child Watch,10/13/2026,4:30 PM,7:30 PM,Child Watch (3mo. - 9yr),Tuesday
Child Watch,The Zone,10/13/2026,4:40 PM,7:30 PM,The Zone (Ages 6 - 12),Tuesday
Community,Community Wing,10/13/2026,1:00 PM,3:00 PM,Mah Jongg,Tuesday
Community,Studio 1,10/13/2026,2:00 PM,3:30 PM,Line Dancing,Tuesday
Aquatics,Lap Pool,10/14/2026,5:00 AM,8:00 AM,Lap Swim,Wednesday
Aquatics,Lap Pool,10/14/2026,9:00 AM,3:30 PM,Lap Swim,Wednesday
Aquatics,Lap Pool,10/14/2026,7:30 PM,8:30 PM,Lap Swim,Wednesday
Aquatics,Rec Pool & Lazy River,10/14/2026,5:00 AM,9:00 AM,Rec Swim (No Slide),Wednesday
Aquatics,Rec Pool & Lazy River,10/14/2026,11:00 AM,3:30 PM,Rec Swim (No Slide),Wednesday
Court Sports,3 Courts,10/14/2026,6:00 AM,11:00 AM,Open Pickleball,Wednesday
Court Sports,Basketball Courts,10/14/2026,1:15 PM,3:15 PM,Open Pickleball,Wednesday
Court Sports,Basketball Courts,10/14/2026,5:30 AM,8:00 AM,Adult Basketball,Wednesday
Court Sports,Basketball Courts,10/14/2026,11:15 AM,1:00 PM,Adult Basketball,Wednesday
Court Sports,Basketball Courts,10/14/2026,3:00 PM,5:00 PM,Youth Basketball,Wednesday
Court Sports,Basketball Courts,10/14/2026,5:00 PM,9:00 PM,Open Basketball,Wednesday
Community,Community Wing,10/14/2026,1:00 PM,4:00 PM,Euchre,Wednesday
Child Watch,Child Watch,10/14/2026,8:00 AM,12:00 PM,Child Watch (3mo. - 9yr),Wednesday
Child Watch,Child Watch,10/14/2026,4:30 PM,7:30 PM,Child Watch (3mo. - 9yr),Wednesday
Child Watch,The Zone,10/14/2026,4:30 PM,7:30 PM,The Zone (Ages 6 - 12),Wednesday
Community,Little Gym,10/14/2026,10:00 AM,12:00 PM,Jungle Gym (Ages 8 and under w/ Parent),Wednesday
Aquatics,Lap Pool,10/15/2026,5:00 AM,3:30 PM,Lap Swim,Thursday
Aquatics,Rec Pool & Lazy River,10/15/2026,5:00 AM,8:00 AM,Rec Swim (No Slide),Thursday
Aquatics,Rec Pool & Lazy River,10/15/2026,12:00 PM,3:30 PM,Rec Swim (No Slide),Thursday
Aquatics,Full Pool,10/15/2026,6:00 PM,8:30 PM,Open Swim ($6 Community Swim),Thursday
Court Sports,3 Courts,10/15/2026,6:00 AM,11:00 AM,Open Pickleball,Thursday
Court Sports,Basketball Courts,10/15/2026,5:30 AM,8:00 AM,Adult Basketball,Thursday
Court Sports,Basketball Courts,10/15/2026,11:15 AM,1:00 PM,Adult Basketball,Thursday
Court Sports,Basketball Courts,10/15/2026,3:00 PM,5:00 PM,Youth Basketball,Thursday
Court Sports,Basketball Courts,10/15/2026,5:00 PM,9:00 PM,Open Basketball,Thursday
Community,Community Wing,10/15/2026,1:00 PM,3:00 PM,Mah Jongg,Thursday
Community,Studio 1,10/15/2026,2:00 PM,3:30 PM,Line Dancing,Thursday
Child Watch,Child Watch,10/15/2026,8:00 AM,12:00 PM,Child Watch (3mo. - 9yr),Thursday
Child Watch,Child Watch,10/15/2026,5:30 PM,7:30 PM,Child Watch (3mo. - 9yr),Thursday
Aquatics,Lap Pool,10/16/2026,5:00 AM,8:00 AM,Lap Swim,Friday
Aquatics,Lap Pool,10/16/2026,9:00 AM,3:30 PM,Lap Swim,Friday
Aquatics,Rec Pool & Lazy River,10/16/2026,5:00 AM,9:00 AM,Rec Swim (No Slide),Friday
Aquatics,Rec Pool & Lazy River,10/16/2026,11:00 AM,3:30 PM,Rec Swim (No Slide),Friday
Aquatics,Full Pool,10/16/2026,6:00 PM,8:30 PM,Open Swim (Slide 30m Int.),Friday
Court Sports,3 Courts,10/16/2026,6:00 AM,11:00 AM,Open Pickleball,Friday
Court Sports,Basketball Courts,10/16/2026,1:15 PM,3:15 PM,Open Pickleball,Friday
Court Sports,Basketball Courts,10/16/2026,5:30 AM,8:00 AM,Adult Basketball,Friday
Court Sports,Basketball Courts,10/16/2026,11:15 AM,1:00 PM,Adult Basketball,Friday
Court Sports,Basketball Courts,10/16/2026,3:00 PM,5:00 PM,Youth Basketball,Friday
Court Sports,Basketball Courts,10/16/2026,5:00 PM,9:00 PM,Open Basketball,Friday
Court Sports,Basketball Courts,10/16/2026,4:00 PM,9:00 PM,Adult Volleyball,Friday
Child Watch,Child Watch,10/16/2026,8:00 AM,12:00 PM,Child Watch (3mo. - 9yr),Friday
Community,Little Gym,10/16/2026,10:00 AM,12:00 PM,Jungle Gym (Ages 8 and under w/ Parent),Friday
Aquatics,Lap Pool,10/17/2026,8:00 AM,1:00 PM,Lap Swim,Saturday
Aquatics,Full Pool,10/17/2026,1:00 PM,7:00 PM,Open Swim (Slide 30m Int.),Saturday
Court Sports,3 Courts,10/17/2026,7:30 AM,2:00 PM,Open Pickleball,Saturday
Court Sports,Basketball Courts,10/17/2026,12:00 PM,4:00 PM,Youth Basketball,Saturday
Court Sports,Basketball Courts,10/17/2026,4:00 PM,8:00 PM,Open Basketball,Saturday
Court Sports,Basketball Courts,10/17/2026,8:00 PM,9:00 PM,Adult Volleyball,Saturday
Court Sports,Basketball Courts,10/17/2026,4:00 PM,8:00 PM,Open Volleyball,Saturday
Child Watch,Child Watch,10/17/2026,8:00 AM,12:00 PM,Child Watch (3mo. - 9yr),Saturday
Child Watch,The Zone,10/17/2026,8:00 AM,12:00 PM,The Zone (Ages 6 - 12),Saturday
Community,Little Gym,10/17/2026,4:00 PM,6:00 PM,Jungle Gym (Ages 8 and under w/ Parent),Saturday
Aquatics,Lap Pool,10/18/2026,11:00 AM,2:00 PM,Lap Swim,Sunday
Aquatics,Rec Pool & Lazy River,10/18/2026,11:00 AM,2:00 PM,Rec Swim (No Slide),Sunday
Aquatics,Full Pool,10/18/2026,2:00 PM,5:00 PM,Open Swim (Slide 30m Int.),Sunday
Court Sports,3 Courts,10/18/2026,10:00 AM,2:00 PM,Open Pickleball,Sunday
Court Sports,Basketball Courts,10/18/2026,1:00 PM,5:30 PM,Open Basketball,Sunday
Court Sports,Basketball Courts,10/18/2026,10:00 AM,2:00 PM,Open Volleyball,Sunday
Aquatics,Lap Pool,10/19/2026,5:00 AM,8:00 AM,Lap Swim,Monday
Aquatics,Lap Pool,10/19/2026,9:00 AM,3:30 PM,Lap Swim,Monday
Aquatics,Lap Pool,10/19/2026,7:30 PM,8:30 PM,Lap Swim,Monday
Aquatics,Rec Pool & Lazy River,10/19/2026,5:00 AM,9:00 AM,Rec Swim (No Slide),Monday
Aquatics,Rec Pool & Lazy River,10/19/2026,11:00 AM,3:30 PM,Rec Swim (No Slide),Monday
Court Sports,3 Courts,10/19/2026,6:00 AM,11:00 AM,Open Pickleball,Monday
Court Sports,Basketball Courts,10/19/2026,1:15 PM,3:15 PM,Open Pickleball,Monday
Court Sports,Basketball Courts,10/19/2026,5:30 AM,8:00 AM,Adult Basketball,Monday
Court Sports,Basketball Courts,10/19/2026,11:15 AM,1:00 PM,Adult Basketball,Monday
Court Sports,Basketball Courts,10/19/2026,3:00 PM,5:00 PM,Youth Basketball,Monday
Court Sports,Basketball Courts,10/19/2026,5:00 PM,9:00 PM,Open Basketball,Monday
Community,Community Wing,10/19/2026,1:00 PM,4:00 PM,Euchre,Monday
Child Watch,Child Watch,10/19/2026,8:00 AM,12:00 PM,Child Watch (3mo. - 9yr),Monday
Child Watch,Child Watch,10/19/2026,4:30 PM,7:30 PM,Child Watch (3mo. - 9yr),Monday
Child Watch,The Zone,10/19/2026,4:30 PM,7:30 PM,The Zone (Ages 6 - 12),Monday
Community,Little Gym,10/19/2026,10:00 AM,12:00 PM,Jungle Gym (Ages 8 and under w/ Parent),Monday
Aquatics,Lap Pool,10/20/2026,5:00 AM,3:30 PM,Lap Swim,Tuesday
Aquatics,Lap Pool,10/20/2026,7:30 PM,8:30 PM,Lap Swim,Tuesday
Aquatics,Rec Pool & Lazy River,10/20/2026,5:00 AM,8:00 AM,Rec Swim (No Slide),Tuesday
Aquatics,Rec Pool & Lazy River,10/20/2026,12:00 PM,3:30 PM,Rec Swim (No Slide),Tuesday
Aquatics,Rec Pool & Lazy River,10/20/2026,7:30 PM,8:30 PM,Rec Swim (No Slide),Tuesday
Court Sports,3 Courts,10/20/2026,6:00 AM,11:00 AM,Open Pickleball,Tuesday
Court Sports,Basketball Courts,10/20/2026,5:30 AM,8:30 AM,Adult Basketball,Tuesday
Court Sports,Basketball Courts,10/20/2026,11:15 AM,1:00 PM,Adult Basketball,Tuesday
Court Sports,Basketball Courts,10/20/2026,3:00 PM,5:00 PM,Youth Basketball,Tuesday
Court Sports,Basketball Courts,10/20/2026,5:00 PM,9:00 PM,Open Basketball,Tuesday
Child Watch,Child Watch,10/20/2026,8:00 AM,12:00 PM,Child Watch (3mo. - 9yr),Tuesday
Child Watch,Child Watch,10/20/2026,4:30 PM,7:30 PM,Child Watch (3mo. - 9yr),Tuesday
Child Watch,The Zone,10/20/2026,4:40 PM,7:30 PM,The Zone (Ages 6 - 12),Tuesday
Community,Community Wing,10/20/2026,1:00 PM,3:00 PM,Mah Jongg,Tuesday
Community,Studio 1,10/20/2026,2:00 PM,3:30 PM,Line Dancing,Tuesday
Aquatics,Lap Pool,10/21/2026,5:00 AM,8:00 AM,Lap Swim,Wednesday
Aquatics,Lap Pool,10/21/2026,9:00 AM,3:30 PM,Lap Swim,Wednesday
Aquatics,Lap Pool,10/21/2026,7:30 PM,8:30 PM,Lap Swim,Wednesday
Aquatics,Rec Pool & Lazy River,10/21/2026,5:00 AM,9:00 AM,Rec Swim (No Slide),Wednesday
Aquatics,Rec Pool & Lazy River,10/21/2026,11:00 AM,3:30 PM,Rec Swim (No Slide),Wednesday
Court Sports,3 Courts,10/21/2026,6:00 AM,11:00 AM,Open Pickleball,Wednesday
Court Sports,Basketball Courts,10/21/2026,1:15 PM,3:15 PM,Open Pickleball,Wednesday
Court Sports,Basketball Courts,10/21/2026,5:30 AM,8:00 AM,Adult Basketball,Wednesday
Court Sports,Basketball Courts,10/21/2026,11:15 AM,1:00 PM,Adult Basketball,Wednesday
Court Sports,Basketball Courts,10/21/2026,3:00 PM,5:00 PM,Youth Basketball,Wednesday
Court Sports,Basketball Courts,10/21/2026,5:00 PM,9:00 PM,Open Basketball,Wednesday
Community,Community Wing,10/21/2026,1:00 PM,4:00 PM,Euchre,Wednesday
Child Watch,Child Watch,10/21/2026,8:00 AM,12:00 PM,Child Watch (3mo. - 9yr),Wednesday
Child Watch,Child Watch,10/21/2026,4:30 PM,7:30 PM,Child Watch (3mo. - 9yr),Wednesday
Child Watch,The Zone,10/21/2026,4:30 PM,7:30 PM,The Zone (Ages 6 - 12),Wednesday
Community,Little Gym,10/21/2026,10:00 AM,12:00 PM,Jungle Gym (Ages 8 and under w/ Parent),Wednesday
Aquatics,Lap Pool,10/22/2026,5:00 AM,3:30 PM,Lap Swim,Thursday
Aquatics,Rec Pool & Lazy River,10/22/2026,5:00 AM,8:00 AM,Rec Swim (No Slide),Thursday
Aquatics,Rec Pool & Lazy River,10/22/2026,12:00 PM,3:30 PM,Rec Swim (No Slide),Thursday
Aquatics,Full Pool,10/22/2026,6:00 PM,8:30 PM,Open Swim ($6 Community Swim),Thursday
Court Sports,3 Courts,10/22/2026,6:00 AM,11:00 AM,Open Pickleball,Thursday
Court Sports,Basketball Courts,10/22/2026,5:30 AM,8:00 AM,Adult Basketball,Thursday
Court Sports,Basketball Courts,10/22/2026,11:15 AM,1:00 PM,Adult Basketball,Thursday
Court Sports,Basketball Courts,10/22/2026,3:00 PM,5:00 PM,Youth Basketball,Thursday
Court Sports,Basketball Courts,10/22/2026,5:00 PM,9:00 PM,Open Basketball,Thursday
Community,Community Wing,10/22/2026,1:00 PM,3:00 PM,Mah Jongg,Thursday
Community,Studio 1,10/22/2026,2:00 PM,3:30 PM,Line Dancing,Thursday
Child Watch,Child Watch,10/22/2026,8:00 AM,12:00 PM,Child Watch (3mo. - 9yr),Thursday
Child Watch,Child Watch,10/22/2026,5:30 PM,7:30 PM,Child Watch (3mo. - 9yr),Thursday
Aquatics,Lap Pool,10/23/2026,5:00 AM,8:00 AM,Lap Swim,Friday
Aquatics,Lap Pool,10/23/2026,9:00 AM,3:30 PM,Lap Swim,Friday
Aquatics,Rec Pool & Lazy River,10/23/2026,5:00 AM,9:00 AM,Rec Swim (No Slide),Friday
Aquatics,Rec Pool & Lazy River,10/23/2026,11:00 AM,3:30 PM,Rec Swim (No Slide),Friday
Aquatics,Full Pool,10/23/2026,6:00 PM,8:30 PM,Open Swim (Slide 30m Int.),Friday
Court Sports,3 Courts,10/23/2026,6:00 AM,11:00 AM,Open Pickleball,Friday
Court Sports,Basketball Courts,10/23/2026,1:15 PM,3:15 PM,Open Pickleball,Friday
Court Sports,Basketball Courts,10/23/2026,5:30 AM,8:00 AM,Adult Basketball,Friday
Court Sports,Basketball Courts,10/23/2026,11:15 AM,1:00 PM,Adult Basketball,Friday
Court Sports,Basketball Courts,10/23/2026,3:00 PM,5:00 PM,Youth Basketball,Friday
Court Sports,Basketball Courts,10/23/2026,5:00 PM,9:00 PM,Open Basketball,Friday
Court Sports,Basketball Courts,10/23/2026,4:00 PM,9:00 PM,Adult Volleyball,Friday
Child Watch,Child Watch,10/23/2026,8:00 AM,12:00 PM,Child Watch (3mo. - 9yr),Friday
Community,Little Gym,10/23/2026,10:00 AM,12:00 PM,Jungle Gym (Ages 8 and under w/ Parent),Friday
Aquatics,Lap Pool,10/24/2026,8:00 AM,1:00 PM,Lap Swim,Saturday
Aquatics,Full Pool,10/24/2026,1:00 PM,7:00 PM,Open Swim (Slide 30m Int.),Saturday
Court Sports,3 Courts,10/24/2026,7:30 AM,2:00 PM,Open Pickleball,Saturday
Court Sports,Basketball Courts,10/24/2026,12:00 PM,4:00 PM,Youth Basketball,Saturday
Court Sports,Basketball Courts,10/24/2026,4:00 PM,8:00 PM,Open Basketball,Saturday
Court Sports,Basketball Courts,10/24/2026,8:00 PM,9:00 PM,Adult Volleyball,Saturday
Court Sports,Basketball Courts,10/24/2026,4:00 PM,8:00 PM,Open Volleyball,Saturday
Child Watch,Child Watch,10/24/2026,8:00 AM,12:00 PM,Child Watch (3mo. - 9yr),Saturday
Child Watch,The Zone,10/24/2026,8:00 AM,12:00 PM,The Zone (Ages 6 - 12),Saturday
Community,Little Gym,10/24/2026,4:00 PM,6:00 PM,Jungle Gym (Ages 8 and under w/ Parent),Saturday
Aquatics,Lap Pool,10/25/2026,11:00 AM,2:00 PM,Lap Swim,Sunday
Aquatics,Rec Pool & Lazy River,10/25/2026,11:00 AM,2:00 PM,Rec Swim (No Slide),Sunday
Aquatics,Full Pool,10/25/2026,2:00 PM,5:00 PM,Open Swim (Slide 30m Int.),Sunday
Court Sports,3 Courts,10/25/2026,10:00 AM,2:00 PM,Open Pickleball,Sunday
Court Sports,Basketball Courts,10/25/2026,1:00 PM,5:30 PM,Open Basketball,Sunday
Court Sports,Basketball Courts,10/25/2026,10:00 AM,2:00 PM,Open Volleyball,Sunday
Aquatics,Lap Pool,10/26/2026,5:00 AM,8:00 AM,Lap Swim,Monday
Aquatics,Lap Pool,10/26/2026,9:00 AM,3:30 PM,Lap Swim,Monday
Aquatics,Lap Pool,10/26/2026,7:30 PM,8:30 PM,Lap Swim,Monday
Aquatics,Rec Pool & Lazy River,10/26/2026,5:00 AM,9:00 AM,Rec Swim (No Slide),Monday
Aquatics,Rec Pool & Lazy River,10/26/2026,11:00 AM,3:30 PM,Rec Swim (No Slide),Monday
Court Sports,3 Courts,10/26/2026,6:00 AM,11:00 AM,Open Pickleball,Monday
Court Sports,Basketball Courts,10/26/2026,1:15 PM,3:15 PM,Open Pickleball,Monday
Court Sports,Basketball Courts,10/26/2026,5:30 AM,8:00 AM,Adult Basketball,Monday
Court Sports,Basketball Courts,10/26/2026,11:15 AM,1:00 PM,Adult Basketball,Monday
Court Sports,Basketball Courts,10/26/2026,3:00 PM,5:00 PM,Youth Basketball,Monday
Court Sports,Basketball Courts,10/26/2026,5:00 PM,9:00 PM,Open Basketball,Monday
Community,Community Wing,10/26/2026,1:00 PM,4:00 PM,Euchre,Monday
Child Watch,Child Watch,10/26/2026,8:00 AM,12:00 PM,Child Watch (3mo. - 9yr),Monday
Child Watch,Child Watch,10/26/2026,4:30 PM,7:30 PM,Child Watch (3mo. - 9yr),Monday
Child Watch,The Zone,10/26/2026,4:30 PM,7:30 PM,The Zone (Ages 6 - 12),Monday
Community,Little Gym,10/26/2026,10:00 AM,12:00 PM,Jungle Gym (Ages 8 and under w/ Parent),Monday
Aquatics,Lap Pool,10/27/2026,5:00 AM,3:30 PM,Lap Swim,Tuesday
Aquatics,Lap Pool,10/27/2026,7:30 PM,8:30 PM,Lap Swim,Tuesday
Aquatics,Rec Pool & Lazy River,10/27/2026,5:00 AM,8:00 AM,Rec Swim (No Slide),Tuesday
Aquatics,Rec Pool & Lazy River,10/27/2026,12:00 PM,3:30 PM,Rec Swim (No Slide),Tuesday
Aquatics,Rec Pool & Lazy River,10/27/2026,7:30 PM,8:30 PM,Rec Swim (No Slide),Tuesday
Court Sports,3 Courts,10/27/2026,6:00 AM,11:00 AM,Open Pickleball,Tuesday
Court Sports,Basketball Courts,10/27/2026,5:30 AM,8:30 AM,Adult Basketball,Tuesday
Court Sports,Basketball Courts,10/27/2026,11:15 AM,1:00 PM,Adult Basketball,Tuesday
Court Sports,Basketball Courts,10/27/2026,3:00 PM,5:00 PM,Youth Basketball,Tuesday
Court Sports,Basketball Courts,10/27/2026,5:00 PM,9:00 PM,Open Basketball,Tuesday
Child Watch,Child Watch,10/27/2026,8:00 AM,12:00 PM,Child Watch (3mo. - 9yr),Tuesday
Child Watch,Child Watch,10/27/2026,4:30 PM,7:30 PM,Child Watch (3mo. - 9yr),Tuesday
Child Watch,The Zone,10/27/2026,4:40 PM,7:30 PM,The Zone (Ages 6 - 12),Tuesday
Community,Community Wing,10/27/2026,1:00 PM,3:00 PM,Mah Jongg,Tuesday
Community,Studio 1,10/27/2026,2:00 PM,3:30 PM,Line Dancing,Tuesday
Aquatics,Lap Pool,10/28/2026,5:00 AM,8:00 AM,Lap Swim,Wednesday
Aquatics,Lap Pool,10/28/2026,9:00 AM,3:30 PM,Lap Swim,Wednesday
Aquatics,Lap Pool,10/28/2026,7:30 PM,8:30 PM,Lap Swim,Wednesday
Aquatics,Rec Pool & Lazy River,10/28/2026,5:00 AM,9:00 AM,Rec Swim (No Slide),Wednesday
Aquatics,Rec Pool & Lazy River,10/28/2026,11:00 AM,3:30 PM,Rec Swim (No Slide),Wednesday
Court Sports,3 Courts,10/28/2026,6:00 AM,11:00 AM,Open Pickleball,Wednesday
Court Sports,Basketball Courts,10/28/2026,1:15 PM,3:15 PM,Open Pickleball,Wednesday
Court Sports,Basketball Courts,10/28/2026,5:30 AM,8:00 AM,Adult Basketball,Wednesday
Court Sports,Basketball Courts,10/28/2026,11:15 AM,1:00 PM,Adult Basketball,Wednesday
Court Sports,Basketball Courts,10/28/2026,3:00 PM,5:00 PM,Youth Basketball,Wednesday
Court Sports,Basketball Courts,10/28/2026,5:00 PM,9:00 PM,Open Basketball,Wednesday
Community,Community Wing,10/28/2026,1:00 PM,4:00 PM,Euchre,Wednesday
Child Watch,Child Watch,10/28/2026,8:00 AM,12:00 PM,Child Watch (3mo. - 9yr),Wednesday
Child Watch,Child Watch,10/28/2026,4:30 PM,7:30 PM,Child Watch (3mo. - 9yr),Wednesday
Child Watch,The Zone,10/28/2026,4:30 PM,7:30 PM,The Zone (Ages 6 - 12),Wednesday
Community,Little Gym,10/28/2026,10:00 AM,12:00 PM,Jungle Gym (Ages 8 and under w/ Parent),Wednesday
Aquatics,Lap Pool,10/29/2026,5:00 AM,3:30 PM,Lap Swim,Thursday
Aquatics,Rec Pool & Lazy River,10/29/2026,5:00 AM,8:00 AM,Rec Swim (No Slide),Thursday
Aquatics,Rec Pool & Lazy River,10/29/2026,12:00 PM,3:30 PM,Rec Swim (No Slide),Thursday
Aquatics,Full Pool,10/29/2026,6:00 PM,8:30 PM,Open Swim ($6 Community Swim),Thursday
Court Sports,3 Courts,10/29/2026,6:00 AM,11:00 AM,Open Pickleball,Thursday
Court Sports,Basketball Courts,10/29/2026,5:30 AM,8:00 AM,Adult Basketball,Thursday
Court Sports,Basketball Courts,10/29/2026,11:15 AM,1:00 PM,Adult Basketball,Thursday
Court Sports,Basketball Courts,10/29/2026,3:00 PM,5:00 PM,Youth Basketball,Thursday
Court Sports,Basketball Courts,10/29/2026,5:00 PM,9:00 PM,Open Basketball,Thursday
Community,Community Wing,10/29/2026,1:00 PM,3:00 PM,Mah Jongg,Thursday
Community,Studio 1,10/29/2026,2:00 PM,3:30 PM,Line Dancing,Thursday
Child Watch,Child Watch,10/29/2026,8:00 AM,12:00 PM,Child Watch (3mo. - 9yr),Thursday
Child Watch,Child Watch,10/29/2026,5:30 PM,7:30 PM,Child Watch (3mo. - 9yr),Thursday
Aquatics,Lap Pool,10/30/2026,5:00 AM,8:00 AM,Lap Swim,Friday
Aquatics,Lap Pool,10/30/2026,9:00 AM,3:30 PM,Lap Swim,Friday
Aquatics,Rec Pool & Lazy River,10/30/2026,5:00 AM,9:00 AM,Rec Swim (No Slide),Friday
Aquatics,Rec Pool & Lazy River,10/30/2026,11:00 AM,3:30 PM,Rec Swim (No Slide),Friday
Aquatics,Full Pool,10/30/2026,6:00 PM,8:30 PM,Open Swim (Slide 30m Int.),Friday
Court Sports,3 Courts,10/30/2026,6:00 AM,11:00 AM,Open Pickleball,Friday
Court Sports,Basketball Courts,10/30/2026,1:15 PM,3:15 PM,Open Pickleball,Friday
Court Sports,Basketball Courts,10/30/2026,5:30 AM,8:00 AM,Adult Basketball,Friday
Court Sports,Basketball Courts,10/30/2026,11:15 AM,1:00 PM,Adult Basketball,Friday
Court Sports,Basketball Courts,10/30/2026,3:00 PM,5:00 PM,Youth Basketball,Friday
Court Sports,Basketball Courts,10/30/2026,5:00 PM,9:00 PM,Open Basketball,Friday
Court Sports,Basketball Courts,10/30/2026,4:00 PM,9:00 PM,Adult Volleyball,Friday
Child Watch,Child Watch,10/30/2026,8:00 AM,12:00 PM,Child Watch (3mo. - 9yr),Friday
Community,Little Gym,10/30/2026,10:00 AM,12:00 PM,Jungle Gym (Ages 8 and under w/ Parent),Friday
Aquatics,Lap Pool,10/31/2026,8:00 AM,1:00 PM,Lap Swim,Saturday
Aquatics,Full Pool,10/31/2026,1:00 PM,7:00 PM,Open Swim (Slide 30m Int.),Saturday
Court Sports,3 Courts,10/31/2026,7:30 AM,2:00 PM,Open Pickleball,Saturday
Court Sports,Basketball Courts,10/31/2026,12:00 PM,4:00 PM,Youth Basketball,Saturday
Court Sports,Basketball Courts,10/31/2026,4:00 PM,8:00 PM,Open Basketball,Saturday
Court Sports,Basketball Courts,10/31/2026,8:00 PM,9:00 PM,Adult Volleyball,Saturday
Court Sports,Basketball Courts,10/31/2026,4:00 PM,8:00 PM,Open Volleyball,Saturday
Child Watch,Child Watch,10/31/2026,8:00 AM,12:00 PM,Child Watch (3mo. - 9yr),Saturday
Child Watch,The Zone,10/31/2026,8:00 AM,12:00 PM,The Zone (Ages 6 - 12),Saturday
Community,Little Gym,10/31/2026,4:00 PM,6:00 PM,Jungle Gym (Ages 8 and under w/ Parent),Saturday
Aquatics,Lap Pool,11/1/2026,11:00 AM,2:00 PM,Lap Swim,Sunday
Aquatics,Rec Pool & Lazy River,11/1/2026,11:00 AM,2:00 PM,Rec Swim (No Slide),Sunday
Aquatics,Full Pool,11/1/2026,2:00 PM,5:00 PM,Open Swim (Slide 30m Int.),Sunday
Court Sports,3 Courts,11/1/2026,10:00 AM,2:00 PM,Open Pickleball,Sunday
Court Sports,Basketball Courts,11/1/2026,1:00 PM,5:30 PM,Open Basketball,Sunday
Court Sports,Basketball Courts,11/1/2026,10:00 AM,2:00 PM,Open Volleyball,Sunday
Aquatics,Lap Pool,11/2/2026,5:00 AM,8:00 AM,Lap Swim,Monday
Aquatics,Lap Pool,11/2/2026,9:00 AM,3:30 PM,Lap Swim,Monday
Aquatics,Lap Pool,11/2/2026,7:30 PM,8:30 PM,Lap Swim,Monday
Aquatics,Rec Pool & Lazy River,11/2/2026,5:00 AM,9:00 AM,Rec Swim (No Slide),Monday
Aquatics,Rec Pool & Lazy River,11/2/2026,11:00 AM,3:30 PM,Rec Swim (No Slide),Monday
Court Sports,3 Courts,11/2/2026,6:00 AM,11:00 AM,Open Pickleball,Monday
Court Sports,Basketball Courts,11/2/2026,1:15 PM,3:15 PM,Open Pickleball,Monday
Court Sports,Basketball Courts,11/2/2026,5:30 AM,8:00 AM,Adult Basketball,Monday
Court Sports,Basketball Courts,11/2/2026,11:15 AM,1:00 PM,Adult Basketball,Monday
Court Sports,Basketball Courts,11/2/2026,3:00 PM,5:00 PM,Youth Basketball,Monday
Court Sports,Basketball Courts,11/2/2026,5:00 PM,9:00 PM,Open Basketball,Monday
Community,Community Wing,11/2/2026,1:00 PM,4:00 PM,Euchre,Monday
Child Watch,Child Watch,11/2/2026,8:00 AM,12:00 PM,Child Watch (3mo. - 9yr),Monday
Child Watch,Child Watch,11/2/2026,4:30 PM,7:30 PM,Child Watch (3mo. - 9yr),Monday
Child Watch,The Zone,11/2/2026,4:30 PM,7:30 PM,The Zone (Ages 6 - 12),Monday
Community,Little Gym,11/2/2026,10:00 AM,12:00 PM,Jungle Gym (Ages 8 and under w/ Parent),Monday
Aquatics,Lap Pool,11/3/2026,5:00 AM,3:30 PM,Lap Swim,Tuesday
Aquatics,Lap Pool,11/3/2026,7:30 PM,8:30 PM,Lap Swim,Tuesday
Aquatics,Rec Pool & Lazy River,11/3/2026,5:00 AM,8:00 AM,Rec Swim (No Slide),Tuesday
Aquatics,Rec Pool & Lazy River,11/3/2026,12:00 PM,3:30 PM,Rec Swim (No Slide),Tuesday
Aquatics,Rec Pool & Lazy River,11/3/2026,7:30 PM,8:30 PM,Rec Swim (No Slide),Tuesday
Court Sports,3 Courts,11/3/2026,6:00 AM,11:00 AM,Open Pickleball,Tuesday
Court Sports,Basketball Courts,11/3/2026,5:30 AM,8:30 AM,Adult Basketball,Tuesday
Court Sports,Basketball Courts,11/3/2026,11:15 AM,1:00 PM,Adult Basketball,Tuesday
Court Sports,Basketball Courts,11/3/2026,3:00 PM,5:00 PM,Youth Basketball,Tuesday
Court Sports,Basketball Courts,11/3/2026,5:00 PM,9:00 PM,Open Basketball,Tuesday
Child Watch,Child Watch,11/3/2026,8:00 AM,12:00 PM,Child Watch (3mo. - 9yr),Tuesday
Child Watch,Child Watch,11/3/2026,4:30 PM,7:30 PM,Child Watch (3mo. - 9yr),Tuesday
Child Watch,The Zone,11/3/2026,4:40 PM,7:30 PM,The Zone (Ages 6 - 12),Tuesday
Community,Community Wing,11/3/2026,1:00 PM,3:00 PM,Mah Jongg,Tuesday
Community,Studio 1,11/3/2026,2:00 PM,3:30 PM,Line Dancing,Tuesday
Aquatics,Lap Pool,11/4/2026,5:00 AM,8:00 AM,Lap Swim,Wednesday
Aquatics,Lap Pool,11/4/2026,9:00 AM,3:30 PM,Lap Swim,Wednesday
Aquatics,Lap Pool,11/4/2026,7:30 PM,8:30 PM,Lap Swim,Wednesday
Aquatics,Rec Pool & Lazy River,11/4/2026,5:00 AM,9:00 AM,Rec Swim (No Slide),Wednesday
Aquatics,Rec Pool & Lazy River,11/4/2026,11:00 AM,3:30 PM,Rec Swim (No Slide),Wednesday
Court Sports,3 Courts,11/4/2026,6:00 AM,11:00 AM,Open Pickleball,Wednesday
Court Sports,Basketball Courts,11/4/2026,1:15 PM,3:15 PM,Open Pickleball,Wednesday
Court Sports,Basketball Courts,11/4/2026,5:30 AM,8:00 AM,Adult Basketball,Wednesday
Court Sports,Basketball Courts,11/4/2026,11:15 AM,1:00 PM,Adult Basketball,Wednesday
Court Sports,Basketball Courts,11/4/2026,3:00 PM,5:00 PM,Youth Basketball,Wednesday
Court Sports,Basketball Courts,11/4/2026,5:00 PM,9:00 PM,Open Basketball,Wednesday
Community,Community Wing,11/4/2026,1:00 PM,4:00 PM,Euchre,Wednesday
Child Watch,Child Watch,11/4/2026,8:00 AM,12:00 PM,Child Watch (3mo. - 9yr),Wednesday
Child Watch,Child Watch,11/4/2026,4:30 PM,7:30 PM,Child Watch (3mo. - 9yr),Wednesday
Child Watch,The Zone,11/4/2026,4:30 PM,7:30 PM,The Zone (Ages 6 - 12),Wednesday
Community,Little Gym,11/4/2026,10:00 AM,12:00 PM,Jungle Gym (Ages 8 and under w/ Parent),Wednesday
Aquatics,Lap Pool,11/5/2026,5:00 AM,3:30 PM,Lap Swim,Thursday
Aquatics,Rec Pool & Lazy River,11/5/2026,5:00 AM,8:00 AM,Rec Swim (No Slide),Thursday
Aquatics,Rec Pool & Lazy River,11/5/2026,12:00 PM,3:30 PM,Rec Swim (No Slide),Thursday
Aquatics,Full Pool,11/5/2026,6:00 PM,8:30 PM,Open Swim ($6 Community Swim),Thursday
Court Sports,3 Courts,11/5/2026,6:00 AM,11:00 AM,Open Pickleball,Thursday
Court Sports,Basketball Courts,11/5/2026,5:30 AM,8:00 AM,Adult Basketball,Thursday
Court Sports,Basketball Courts,11/5/2026,11:15 AM,1:00 PM,Adult Basketball,Thursday
Court Sports,Basketball Courts,11/5/2026,3:00 PM,5:00 PM,Youth Basketball,Thursday
Court Sports,Basketball Courts,11/5/2026,5:00 PM,9:00 PM,Open Basketball,Thursday
Community,Community Wing,11/5/2026,1:00 PM,3:00 PM,Mah Jongg,Thursday
Community,Studio 1,11/5/2026,2:00 PM,3:30 PM,Line Dancing,Thursday
Child Watch,Child Watch,11/5/2026,8:00 AM,12:00 PM,Child Watch (3mo. - 9yr),Thursday
Child Watch,Child Watch,11/5/2026,5:30 PM,7:30 PM,Child Watch (3mo. - 9yr),Thursday
Aquatics,Lap Pool,11/6/2026,5:00 AM,8:00 AM,Lap Swim,Friday
Aquatics,Lap Pool,11/6/2026,9:00 AM,3:30 PM,Lap Swim,Friday
Aquatics,Rec Pool & Lazy River,11/6/2026,5:00 AM,9:00 AM,Rec Swim (No Slide),Friday
Aquatics,Rec Pool & Lazy River,11/6/2026,11:00 AM,3:30 PM,Rec Swim (No Slide),Friday
Aquatics,Full Pool,11/6/2026,6:00 PM,8:30 PM,Open Swim (Slide 30m Int.),Friday
Court Sports,3 Courts,11/6/2026,6:00 AM,11:00 AM,Open Pickleball,Friday
Court Sports,Basketball Courts,11/6/2026,1:15 PM,3:15 PM,Open Pickleball,Friday
Court Sports,Basketball Courts,11/6/2026,5:30 AM,8:00 AM,Adult Basketball,Friday
Court Sports,Basketball Courts,11/6/2026,11:15 AM,1:00 PM,Adult Basketball,Friday
Court Sports,Basketball Courts,11/6/2026,3:00 PM,5:00 PM,Youth Basketball,Friday
Court Sports,Basketball Courts,11/6/2026,5:00 PM,9:00 PM,Open Basketball,Friday
Court Sports,Basketball Courts,11/6/2026,4:00 PM,9:00 PM,Adult Volleyball,Friday
Child Watch,Child Watch,11/6/2026,8:00 AM,12:00 PM,Child Watch (3mo. - 9yr),Friday
Community,Little Gym,11/6/2026,10:00 AM,12:00 PM,Jungle Gym (Ages 8 and under w/ Parent),Friday
Aquatics,Lap Pool,11/7/2026,8:00 AM,1:00 PM,Lap Swim,Saturday
Aquatics,Full Pool,11/7/2026,1:00 PM,7:00 PM,Open Swim (Slide 30m Int.),Saturday
Court Sports,3 Courts,11/7/2026,7:30 AM,2:00 PM,Open Pickleball,Saturday
Court Sports,Basketball Courts,11/7/2026,12:00 PM,4:00 PM,Youth Basketball,Saturday
Court Sports,Basketball Courts,11/7/2026,4:00 PM,8:00 PM,Open Basketball,Saturday
Court Sports,Basketball Courts,11/7/2026,8:00 PM,9:00 PM,Adult Volleyball,Saturday
Court Sports,Basketball Courts,11/7/2026,4:00 PM,8:00 PM,Open Volleyball,Saturday
Child Watch,Child Watch,11/7/2026,8:00 AM,12:00 PM,Child Watch (3mo. - 9yr),Saturday
Child Watch,The Zone,11/7/2026,8:00 AM,12:00 PM,The Zone (Ages 6 - 12),Saturday
Community,Little Gym,11/7/2026,4:00 PM,6:00 PM,Jungle Gym (Ages 8 and under w/ Parent),Saturday
Aquatics,Lap Pool,11/8/2026,11:00 AM,2:00 PM,Lap Swim,Sunday
Aquatics,Rec Pool & Lazy River,11/8/2026,11:00 AM,2:00 PM,Rec Swim (No Slide),Sunday
Aquatics,Full Pool,11/8/2026,2:00 PM,5:00 PM,Open Swim (Slide 30m Int.),Sunday
Court Sports,3 Courts,11/8/2026,10:00 AM,2:00 PM,Open Pickleball,Sunday
Court Sports,Basketball Courts,11/8/2026,1:00 PM,5:30 PM,Open Basketball,Sunday
Court Sports,Basketball Courts,11/8/2026,10:00 AM,2:00 PM,Open Volleyball,Sunday
Aquatics,Lap Pool,11/9/2026,5:00 AM,8:00 AM,Lap Swim,Monday
Aquatics,Lap Pool,11/9/2026,9:00 AM,3:30 PM,Lap Swim,Monday
Aquatics,Lap Pool,11/9/2026,7:30 PM,8:30 PM,Lap Swim,Monday
Aquatics,Rec Pool & Lazy River,11/9/2026,5:00 AM,9:00 AM,Rec Swim (No Slide),Monday
Aquatics,Rec Pool & Lazy River,11/9/2026,11:00 AM,3:30 PM,Rec Swim (No Slide),Monday
Court Sports,3 Courts,11/9/2026,6:00 AM,11:00 AM,Open Pickleball,Monday
Court Sports,Basketball Courts,11/9/2026,1:15 PM,3:15 PM,Open Pickleball,Monday
Court Sports,Basketball Courts,11/9/2026,5:30 AM,8:00 AM,Adult Basketball,Monday
Court Sports,Basketball Courts,11/9/2026,11:15 AM,1:00 PM,Adult Basketball,Monday
Court Sports,Basketball Courts,11/9/2026,3:00 PM,5:00 PM,Youth Basketball,Monday
Court Sports,Basketball Courts,11/9/2026,5:00 PM,9:00 PM,Open Basketball,Monday
Community,Community Wing,11/9/2026,1:00 PM,4:00 PM,Euchre,Monday
Child Watch,Child Watch,11/9/2026,8:00 AM,12:00 PM,Child Watch (3mo. - 9yr),Monday
Child Watch,Child Watch,11/9/2026,4:30 PM,7:30 PM,Child Watch (3mo. - 9yr),Monday
Child Watch,The Zone,11/9/2026,4:30 PM,7:30 PM,The Zone (Ages 6 - 12),Monday
Community,Little Gym,11/9/2026,10:00 AM,12:00 PM,Jungle Gym (Ages 8 and under w/ Parent),Monday
Aquatics,Lap Pool,11/10/2026,5:00 AM,3:30 PM,Lap Swim,Tuesday
Aquatics,Lap Pool,11/10/2026,7:30 PM,8:30 PM,Lap Swim,Tuesday
Aquatics,Rec Pool & Lazy River,11/10/2026,5:00 AM,8:00 AM,Rec Swim (No Slide),Tuesday
Aquatics,Rec Pool & Lazy River,11/10/2026,12:00 PM,3:30 PM,Rec Swim (No Slide),Tuesday
Aquatics,Rec Pool & Lazy River,11/10/2026,7:30 PM,8:30 PM,Rec Swim (No Slide),Tuesday
Court Sports,3 Courts,11/10/2026,6:00 AM,11:00 AM,Open Pickleball,Tuesday
Court Sports,Basketball Courts,11/10/2026,5:30 AM,8:30 AM,Adult Basketball,Tuesday
Court Sports,Basketball Courts,11/10/2026,11:15 AM,1:00 PM,Adult Basketball,Tuesday
Court Sports,Basketball Courts,11/10/2026,3:00 PM,5:00 PM,Youth Basketball,Tuesday
Court Sports,Basketball Courts,11/10/2026,5:00 PM,9:00 PM,Open Basketball,Tuesday
Child Watch,Child Watch,11/10/2026,8:00 AM,12:00 PM,Child Watch (3mo. - 9yr),Tuesday
Child Watch,Child Watch,11/10/2026,4:30 PM,7:30 PM,Child Watch (3mo. - 9yr),Tuesday
Child Watch,The Zone,11/10/2026,4:40 PM,7:30 PM,The Zone (Ages 6 - 12),Tuesday
Community,Community Wing,11/10/2026,1:00 PM,3:00 PM,Mah Jongg,Tuesday
Community,Studio 1,11/10/2026,2:00 PM,3:30 PM,Line Dancing,Tuesday
Aquatics,Lap Pool,11/11/2026,5:00 AM,8:00 AM,Lap Swim,Wednesday
Aquatics,Lap Pool,11/11/2026,9:00 AM,3:30 PM,Lap Swim,Wednesday
Aquatics,Lap Pool,11/11/2026,7:30 PM,8:30 PM,Lap Swim,Wednesday
Aquatics,Rec Pool & Lazy River,11/11/2026,5:00 AM,9:00 AM,Rec Swim (No Slide),Wednesday
Aquatics,Rec Pool & Lazy River,11/11/2026,11:00 AM,3:30 PM,Rec Swim (No Slide),Wednesday
Court Sports,3 Courts,11/11/2026,6:00 AM,11:00 AM,Open Pickleball,Wednesday
Court Sports,Basketball Courts,11/11/2026,1:15 PM,3:15 PM,Open Pickleball,Wednesday
Court Sports,Basketball Courts,11/11/2026,5:30 AM,8:00 AM,Adult Basketball,Wednesday
Court Sports,Basketball Courts,11/11/2026,11:15 AM,1:00 PM,Adult Basketball,Wednesday
Court Sports,Basketball Courts,11/11/2026,3:00 PM,5:00 PM,Youth Basketball,Wednesday
Court Sports,Basketball Courts,11/11/2026,5:00 PM,9:00 PM,Open Basketball,Wednesday
Community,Community Wing,11/11/2026,1:00 PM,4:00 PM,Euchre,Wednesday
Child Watch,Child Watch,11/11/2026,8:00 AM,12:00 PM,Child Watch (3mo. - 9yr),Wednesday
Child Watch,Child Watch,11/11/2026,4:30 PM,7:30 PM,Child Watch (3mo. - 9yr),Wednesday
Child Watch,The Zone,11/11/2026,4:30 PM,7:30 PM,The Zone (Ages 6 - 12),Wednesday
Community,Little Gym,11/11/2026,10:00 AM,12:00 PM,Jungle Gym (Ages 8 and under w/ Parent),Wednesday
Aquatics,Lap Pool,11/12/2026,5:00 AM,3:30 PM,Lap Swim,Thursday
Aquatics,Rec Pool & Lazy River,11/12/2026,5:00 AM,8:00 AM,Rec Swim (No Slide),Thursday
Aquatics,Rec Pool & Lazy River,11/12/2026,12:00 PM,3:30 PM,Rec Swim (No Slide),Thursday
Aquatics,Full Pool,11/12/2026,6:00 PM,8:30 PM,Open Swim ($6 Community Swim),Thursday
Court Sports,3 Courts,11/12/2026,6:00 AM,11:00 AM,Open Pickleball,Thursday
Court Sports,Basketball Courts,11/12/2026,5:30 AM,8:00 AM,Adult Basketball,Thursday
Court Sports,Basketball Courts,11/12/2026,11:15 AM,1:00 PM,Adult Basketball,Thursday
Court Sports,Basketball Courts,11/12/2026,3:00 PM,5:00 PM,Youth Basketball,Thursday
Court Sports,Basketball Courts,11/12/2026,5:00 PM,9:00 PM,Open Basketball,Thursday
Community,Community Wing,11/12/2026,1:00 PM,3:00 PM,Mah Jongg,Thursday
Community,Studio 1,11/12/2026,2:00 PM,3:30 PM,Line Dancing,Thursday
Child Watch,Child Watch,11/12/2026,8:00 AM,12:00 PM,Child Watch (3mo. - 9yr),Thursday
Child Watch,Child Watch,11/12/2026,5:30 PM,7:30 PM,Child Watch (3mo. - 9yr),Thursday
Aquatics,Lap Pool,11/13/2026,5:00 AM,8:00 AM,Lap Swim,Friday
Aquatics,Lap Pool,11/13/2026,9:00 AM,3:30 PM,Lap Swim,Friday
Aquatics,Rec Pool & Lazy River,11/13/2026,5:00 AM,9:00 AM,Rec Swim (No Slide),Friday
Aquatics,Rec Pool & Lazy River,11/13/2026,11:00 AM,3:30 PM,Rec Swim (No Slide),Friday
Aquatics,Full Pool,11/13/2026,6:00 PM,8:30 PM,Open Swim (Slide 30m Int.),Friday
Court Sports,3 Courts,11/13/2026,6:00 AM,11:00 AM,Open Pickleball,Friday
Court Sports,Basketball Courts,11/13/2026,1:15 PM,3:15 PM,Open Pickleball,Friday
Court Sports,Basketball Courts,11/13/2026,5:30 AM,8:00 AM,Adult Basketball,Friday
Court Sports,Basketball Courts,11/13/2026,11:15 AM,1:00 PM,Adult Basketball,Friday
Court Sports,Basketball Courts,11/13/2026,3:00 PM,5:00 PM,Youth Basketball,Friday
Court Sports,Basketball Courts,11/13/2026,5:00 PM,9:00 PM,Open Basketball,Friday
Court Sports,Basketball Courts,11/13/2026,4:00 PM,9:00 PM,Adult Volleyball,Friday
Child Watch,Child Watch,11/13/2026,8:00 AM,12:00 PM,Child Watch (3mo. - 9yr),Friday
Community,Little Gym,11/13/2026,10:00 AM,12:00 PM,Jungle Gym (Ages 8 and under w/ Parent),Friday
Aquatics,Lap Pool,11/14/2026,8:00 AM,1:00 PM,Lap Swim,Saturday
Aquatics,Full Pool,11/14/2026,1:00 PM,7:00 PM,Open Swim (Slide 30m Int.),Saturday
Court Sports,3 Courts,11/14/2026,7:30 AM,2:00 PM,Open Pickleball,Saturday
Court Sports,Basketball Courts,11/14/2026,12:00 PM,4:00 PM,Youth Basketball,Saturday
Court Sports,Basketball Courts,11/14/2026,4:00 PM,8:00 PM,Open Basketball,Saturday
Court Sports,Basketball Courts,11/14/2026,8:00 PM,9:00 PM,Adult Volleyball,Saturday
Court Sports,Basketball Courts,11/14/2026,4:00 PM,8:00 PM,Open Volleyball,Saturday
Child Watch,Child Watch,11/14/2026,8:00 AM,12:00 PM,Child Watch (3mo. - 9yr),Saturday
Child Watch,The Zone,11/14/2026,8:00 AM,12:00 PM,The Zone (Ages 6 - 12),Saturday
Community,Little Gym,11/14/2026,4:00 PM,6:00 PM,Jungle Gym (Ages 8 and under w/ Parent),Saturday
Aquatics,Lap Pool,11/15/2026,11:00 AM,2:00 PM,Lap Swim,Sunday
Aquatics,Rec Pool & Lazy River,11/15/2026,11:00 AM,2:00 PM,Rec Swim (No Slide),Sunday
Aquatics,Full Pool,11/15/2026,2:00 PM,5:00 PM,Open Swim (Slide 30m Int.),Sunday
Court Sports,3 Courts,11/15/2026,10:00 AM,2:00 PM,Open Pickleball,Sunday
Court Sports,Basketball Courts,11/15/2026,1:00 PM,5:30 PM,Open Basketball,Sunday
Court Sports,Basketball Courts,11/15/2026,10:00 AM,2:00 PM,Open Volleyball,Sunday
Aquatics,Lap Pool,11/16/2026,5:00 AM,8:00 AM,Lap Swim,Monday
Aquatics,Lap Pool,11/16/2026,9:00 AM,3:30 PM,Lap Swim,Monday
Aquatics,Lap Pool,11/16/2026,7:30 PM,8:30 PM,Lap Swim,Monday
Aquatics,Rec Pool & Lazy River,11/16/2026,5:00 AM,9:00 AM,Rec Swim (No Slide),Monday
Aquatics,Rec Pool & Lazy River,11/16/2026,11:00 AM,3:30 PM,Rec Swim (No Slide),Monday
Court Sports,3 Courts,11/16/2026,6:00 AM,11:00 AM,Open Pickleball,Monday
Court Sports,Basketball Courts,11/16/2026,1:15 PM,3:15 PM,Open Pickleball,Monday
Court Sports,Basketball Courts,11/16/2026,5:30 AM,8:00 AM,Adult Basketball,Monday
Court Sports,Basketball Courts,11/16/2026,11:15 AM,1:00 PM,Adult Basketball,Monday
Court Sports,Basketball Courts,11/16/2026,3:00 PM,5:00 PM,Youth Basketball,Monday
Court Sports,Basketball Courts,11/16/2026,5:00 PM,9:00 PM,Open Basketball,Monday
Community,Community Wing,11/16/2026,1:00 PM,4:00 PM,Euchre,Monday
Child Watch,Child Watch,11/16/2026,8:00 AM,12:00 PM,Child Watch (3mo. - 9yr),Monday
Child Watch,Child Watch,11/16/2026,4:30 PM,7:30 PM,Child Watch (3mo. - 9yr),Monday
Child Watch,The Zone,11/16/2026,4:30 PM,7:30 PM,The Zone (Ages 6 - 12),Monday
Community,Little Gym,11/16/2026,10:00 AM,12:00 PM,Jungle Gym (Ages 8 and under w/ Parent),Monday
Aquatics,Lap Pool,11/17/2026,5:00 AM,3:30 PM,Lap Swim,Tuesday
Aquatics,Lap Pool,11/17/2026,7:30 PM,8:30 PM,Lap Swim,Tuesday
Aquatics,Rec Pool & Lazy River,11/17/2026,5:00 AM,8:00 AM,Rec Swim (No Slide),Tuesday
Aquatics,Rec Pool & Lazy River,11/17/2026,12:00 PM,3:30 PM,Rec Swim (No Slide),Tuesday
Aquatics,Rec Pool & Lazy River,11/17/2026,7:30 PM,8:30 PM,Rec Swim (No Slide),Tuesday
Court Sports,3 Courts,11/17/2026,6:00 AM,11:00 AM,Open Pickleball,Tuesday
Court Sports,Basketball Courts,11/17/2026,5:30 AM,8:30 AM,Adult Basketball,Tuesday
Court Sports,Basketball Courts,11/17/2026,11:15 AM,1:00 PM,Adult Basketball,Tuesday
Court Sports,Basketball Courts,11/17/2026,3:00 PM,5:00 PM,Youth Basketball,Tuesday
Court Sports,Basketball Courts,11/17/2026,5:00 PM,9:00 PM,Open Basketball,Tuesday
Child Watch,Child Watch,11/17/2026,8:00 AM,12:00 PM,Child Watch (3mo. - 9yr),Tuesday
Child Watch,Child Watch,11/17/2026,4:30 PM,7:30 PM,Child Watch (3mo. - 9yr),Tuesday
Child Watch,The Zone,11/17/2026,4:40 PM,7:30 PM,The Zone (Ages 6 - 12),Tuesday
Community,Community Wing,11/17/2026,1:00 PM,3:00 PM,Mah Jongg,Tuesday
Community,Studio 1,11/17/2026,2:00 PM,3:30 PM,Line Dancing,Tuesday
Aquatics,Lap Pool,11/18/2026,5:00 AM,8:00 AM,Lap Swim,Wednesday
Aquatics,Lap Pool,11/18/2026,9:00 AM,3:30 PM,Lap Swim,Wednesday
Aquatics,Lap Pool,11/18/2026,7:30 PM,8:30 PM,Lap Swim,Wednesday
Aquatics,Rec Pool & Lazy River,11/18/2026,5:00 AM,9:00 AM,Rec Swim (No Slide),Wednesday
Aquatics,Rec Pool & Lazy River,11/18/2026,11:00 AM,3:30 PM,Rec Swim (No Slide),Wednesday
Court Sports,3 Courts,11/18/2026,6:00 AM,11:00 AM,Open Pickleball,Wednesday
Court Sports,Basketball Courts,11/18/2026,1:15 PM,3:15 PM,Open Pickleball,Wednesday
Court Sports,Basketball Courts,11/18/2026,5:30 AM,8:00 AM,Adult Basketball,Wednesday
Court Sports,Basketball Courts,11/18/2026,11:15 AM,1:00 PM,Adult Basketball,Wednesday
Court Sports,Basketball Courts,11/18/2026,3:00 PM,5:00 PM,Youth Basketball,Wednesday
Court Sports,Basketball Courts,11/18/2026,5:00 PM,9:00 PM,Open Basketball,Wednesday
Community,Community Wing,11/18/2026,1:00 PM,4:00 PM,Euchre,Wednesday
Child Watch,Child Watch,11/18/2026,8:00 AM,12:00 PM,Child Watch (3mo. - 9yr),Wednesday
Child Watch,Child Watch,11/18/2026,4:30 PM,7:30 PM,Child Watch (3mo. - 9yr),Wednesday
Child Watch,The Zone,11/18/2026,4:30 PM,7:30 PM,The Zone (Ages 6 - 12),Wednesday
Community,Little Gym,11/18/2026,10:00 AM,12:00 PM,Jungle Gym (Ages 8 and under w/ Parent),Wednesday
Aquatics,Lap Pool,11/19/2026,5:00 AM,3:30 PM,Lap Swim,Thursday
Aquatics,Rec Pool & Lazy River,11/19/2026,5:00 AM,8:00 AM,Rec Swim (No Slide),Thursday
Aquatics,Rec Pool & Lazy River,11/19/2026,12:00 PM,3:30 PM,Rec Swim (No Slide),Thursday
Aquatics,Full Pool,11/19/2026,6:00 PM,8:30 PM,Open Swim ($6 Community Swim),Thursday
Court Sports,3 Courts,11/19/2026,6:00 AM,11:00 AM,Open Pickleball,Thursday
Court Sports,Basketball Courts,11/19/2026,5:30 AM,8:00 AM,Adult Basketball,Thursday
Court Sports,Basketball Courts,11/19/2026,11:15 AM,1:00 PM,Adult Basketball,Thursday
Court Sports,Basketball Courts,11/19/2026,3:00 PM,5:00 PM,Youth Basketball,Thursday
Court Sports,Basketball Courts,11/19/2026,5:00 PM,9:00 PM,Open Basketball,Thursday
Community,Community Wing,11/19/2026,1:00 PM,3:00 PM,Mah Jongg,Thursday
Community,Studio 1,11/19/2026,2:00 PM,3:30 PM,Line Dancing,Thursday
Child Watch,Child Watch,11/19/2026,8:00 AM,12:00 PM,Child Watch (3mo. - 9yr),Thursday
Child Watch,Child Watch,11/19/2026,5:30 PM,7:30 PM,Child Watch (3mo. - 9yr),Thursday
Aquatics,Lap Pool,11/20/2026,5:00 AM,8:00 AM,Lap Swim,Friday
Aquatics,Lap Pool,11/20/2026,9:00 AM,3:30 PM,Lap Swim,Friday
Aquatics,Rec Pool & Lazy River,11/20/2026,5:00 AM,9:00 AM,Rec Swim (No Slide),Friday
Aquatics,Rec Pool & Lazy River,11/20/2026,11:00 AM,3:30 PM,Rec Swim (No Slide),Friday
Aquatics,Full Pool,11/20/2026,6:00 PM,8:30 PM,Open Swim (Slide 30m Int.),Friday
Court Sports,3 Courts,11/20/2026,6:00 AM,11:00 AM,Open Pickleball,Friday
Court Sports,Basketball Courts,11/20/2026,1:15 PM,3:15 PM,Open Pickleball,Friday
Court Sports,Basketball Courts,11/20/2026,5:30 AM,8:00 AM,Adult Basketball,Friday
Court Sports,Basketball Courts,11/20/2026,11:15 AM,1:00 PM,Adult Basketball,Friday
Court Sports,Basketball Courts,11/20/2026,3:00 PM,5:00 PM,Youth Basketball,Friday
Court Sports,Basketball Courts,11/20/2026,5:00 PM,9:00 PM,Open Basketball,Friday
Court Sports,Basketball Courts,11/20/2026,4:00 PM,9:00 PM,Adult Volleyball,Friday
Child Watch,Child Watch,11/20/2026,8:00 AM,12:00 PM,Child Watch (3mo. - 9yr),Friday
Community,Little Gym,11/20/2026,10:00 AM,12:00 PM,Jungle Gym (Ages 8 and under w/ Parent),Friday
Aquatics,Lap Pool,11/21/2026,8:00 AM,1:00 PM,Lap Swim,Saturday
Aquatics,Full Pool,11/21/2026,1:00 PM,7:00 PM,Open Swim (Slide 30m Int.),Saturday
Court Sports,3 Courts,11/21/2026,7:30 AM,2:00 PM,Open Pickleball,Saturday
Court Sports,Basketball Courts,11/21/2026,12:00 PM,4:00 PM,Youth Basketball,Saturday
Court Sports,Basketball Courts,11/21/2026,4:00 PM,8:00 PM,Open Basketball,Saturday
Court Sports,Basketball Courts,11/21/2026,8:00 PM,9:00 PM,Adult Volleyball,Saturday
Court Sports,Basketball Courts,11/21/2026,4:00 PM,8:00 PM,Open Volleyball,Saturday
Child Watch,Child Watch,11/21/2026,8:00 AM,12:00 PM,Child Watch (3mo. - 9yr),Saturday
Child Watch,The Zone,11/21/2026,8:00 AM,12:00 PM,The Zone (Ages 6 - 12),Saturday
Community,Little Gym,11/21/2026,4:00 PM,6:00 PM,Jungle Gym (Ages 8 and under w/ Parent),Saturday
Aquatics,Lap Pool,11/22/2026,11:00 AM,2:00 PM,Lap Swim,Sunday
Aquatics,Rec Pool & Lazy River,11/22/2026,11:00 AM,2:00 PM,Rec Swim (No Slide),Sunday
Aquatics,Full Pool,11/22/2026,2:00 PM,5:00 PM,Open Swim (Slide 30m Int.),Sunday
Court Sports,3 Courts,11/22/2026,10:00 AM,2:00 PM,Open Pickleball,Sunday
Court Sports,Basketball Courts,11/22/2026,1:00 PM,5:30 PM,Open Basketball,Sunday
Court Sports,Basketball Courts,11/22/2026,10:00 AM,2:00 PM,Open Volleyball,Sunday
Aquatics,Lap Pool,11/23/2026,5:00 AM,8:00 AM,Lap Swim,Monday
Aquatics,Lap Pool,11/23/2026,9:00 AM,3:30 PM,Lap Swim,Monday
Aquatics,Lap Pool,11/23/2026,7:30 PM,8:30 PM,Lap Swim,Monday
Aquatics,Rec Pool & Lazy River,11/23/2026,5:00 AM,9:00 AM,Rec Swim (No Slide),Monday
Aquatics,Rec Pool & Lazy River,11/23/2026,11:00 AM,3:30 PM,Rec Swim (No Slide),Monday
Court Sports,3 Courts,11/23/2026,6:00 AM,11:00 AM,Open Pickleball,Monday
Court Sports,Basketball Courts,11/23/2026,1:15 PM,3:15 PM,Open Pickleball,Monday
Court Sports,Basketball Courts,11/23/2026,5:30 AM,8:00 AM,Adult Basketball,Monday
Court Sports,Basketball Courts,11/23/2026,11:15 AM,1:00 PM,Adult Basketball,Monday
Court Sports,Basketball Courts,11/23/2026,3:00 PM,5:00 PM,Youth Basketball,Monday
Court Sports,Basketball Courts,11/23/2026,5:00 PM,9:00 PM,Open Basketball,Monday
Community,Community Wing,11/23/2026,1:00 PM,4:00 PM,Euchre,Monday
Child Watch,Child Watch,11/23/2026,8:00 AM,12:00 PM,Child Watch (3mo. - 9yr),Monday
Child Watch,Child Watch,11/23/2026,4:30 PM,7:30 PM,Child Watch (3mo. - 9yr),Monday
Child Watch,The Zone,11/23/2026,4:30 PM,7:30 PM,The Zone (Ages 6 - 12),Monday
Community,Little Gym,11/23/2026,10:00 AM,12:00 PM,Jungle Gym (Ages 8 and under w/ Parent),Monday
Aquatics,Lap Pool,11/24/2026,5:00 AM,3:30 PM,Lap Swim,Tuesday
Aquatics,Lap Pool,11/24/2026,7:30 PM,8:30 PM,Lap Swim,Tuesday
Aquatics,Rec Pool & Lazy River,11/24/2026,5:00 AM,8:00 AM,Rec Swim (No Slide),Tuesday
Aquatics,Rec Pool & Lazy River,11/24/2026,12:00 PM,3:30 PM,Rec Swim (No Slide),Tuesday
Aquatics,Rec Pool & Lazy River,11/24/2026,7:30 PM,8:30 PM,Rec Swim (No Slide),Tuesday
Court Sports,3 Courts,11/24/2026,6:00 AM,11:00 AM,Open Pickleball,Tuesday
Court Sports,Basketball Courts,11/24/2026,5:30 AM,8:30 AM,Adult Basketball,Tuesday
Court Sports,Basketball Courts,11/24/2026,11:15 AM,1:00 PM,Adult Basketball,Tuesday
Court Sports,Basketball Courts,11/24/2026,3:00 PM,5:00 PM,Youth Basketball,Tuesday
Court Sports,Basketball Courts,11/24/2026,5:00 PM,9:00 PM,Open Basketball,Tuesday
Child Watch,Child Watch,11/24/2026,8:00 AM,12:00 PM,Child Watch (3mo. - 9yr),Tuesday
Child Watch,Child Watch,11/24/2026,4:30 PM,7:30 PM,Child Watch (3mo. - 9yr),Tuesday
Child Watch,The Zone,11/24/2026,4:40 PM,7:30 PM,The Zone (Ages 6 - 12),Tuesday
Community,Community Wing,11/24/2026,1:00 PM,3:00 PM,Mah Jongg,Tuesday
Community,Studio 1,11/24/2026,2:00 PM,3:30 PM,Line Dancing,Tuesday
Aquatics,Lap Pool,11/25/2026,5:00 AM,8:00 AM,Lap Swim,Wednesday
Aquatics,Lap Pool,11/25/2026,9:00 AM,3:30 PM,Lap Swim,Wednesday
Aquatics,Lap Pool,11/25/2026,7:30 PM,8:30 PM,Lap Swim,Wednesday
Aquatics,Rec Pool & Lazy River,11/25/2026,5:00 AM,9:00 AM,Rec Swim (No Slide),Wednesday
Aquatics,Rec Pool & Lazy River,11/25/2026,11:00 AM,3:30 PM,Rec Swim (No Slide),Wednesday
Court Sports,3 Courts,11/25/2026,6:00 AM,11:00 AM,Open Pickleball,Wednesday
Court Sports,Basketball Courts,11/25/2026,1:15 PM,3:15 PM,Open Pickleball,Wednesday
Court Sports,Basketball Courts,11/25/2026,5:30 AM,8:00 AM,Adult Basketball,Wednesday
Court Sports,Basketball Courts,11/25/2026,11:15 AM,1:00 PM,Adult Basketball,Wednesday
Court Sports,Basketball Courts,11/25/2026,3:00 PM,5:00 PM,Youth Basketball,Wednesday
Court Sports,Basketball Courts,11/25/2026,5:00 PM,9:00 PM,Open Basketball,Wednesday
Community,Community Wing,11/25/2026,1:00 PM,4:00 PM,Euchre,Wednesday
Child Watch,Child Watch,11/25/2026,8:00 AM,12:00 PM,Child Watch (3mo. - 9yr),Wednesday
Child Watch,Child Watch,11/25/2026,4:30 PM,7:30 PM,Child Watch (3mo. - 9yr),Wednesday
Child Watch,The Zone,11/25/2026,4:30 PM,7:30 PM,The Zone (Ages 6 - 12),Wednesday
Community,Little Gym,11/25/2026,10:00 AM,12:00 PM,Jungle Gym (Ages 8 and under w/ Parent),Wednesday
Aquatics,Lap Pool,11/26/2026,5:00 AM,3:30 PM,Lap Swim,Thursday
Aquatics,Rec Pool & Lazy River,11/26/2026,5:00 AM,8:00 AM,Rec Swim (No Slide),Thursday
Aquatics,Rec Pool & Lazy River,11/26/2026,12:00 PM,3:30 PM,Rec Swim (No Slide),Thursday
Aquatics,Full Pool,11/26/2026,6:00 PM,8:30 PM,Open Swim ($6 Community Swim),Thursday
Court Sports,3 Courts,11/26/2026,6:00 AM,11:00 AM,Open Pickleball,Thursday
Court Sports,Basketball Courts,11/26/2026,5:30 AM,8:00 AM,Adult Basketball,Thursday
Court Sports,Basketball Courts,11/26/2026,11:15 AM,1:00 PM,Adult Basketball,Thursday
Court Sports,Basketball Courts,11/26/2026,3:00 PM,5:00 PM,Youth Basketball,Thursday
Court Sports,Basketball Courts,11/26/2026,5:00 PM,9:00 PM,Open Basketball,Thursday
Community,Community Wing,11/26/2026,1:00 PM,3:00 PM,Mah Jongg,Thursday
Community,Studio 1,11/26/2026,2:00 PM,3:30 PM,Line Dancing,Thursday
Child Watch,Child Watch,11/26/2026,8:00 AM,12:00 PM,Child Watch (3mo. - 9yr),Thursday
Child Watch,Child Watch,11/26/2026,5:30 PM,7:30 PM,Child Watch (3mo. - 9yr),Thursday
Aquatics,Lap Pool,11/27/2026,5:00 AM,8:00 AM,Lap Swim,Friday
Aquatics,Lap Pool,11/27/2026,9:00 AM,3:30 PM,Lap Swim,Friday
Aquatics,Rec Pool & Lazy River,11/27/2026,5:00 AM,9:00 AM,Rec Swim (No Slide),Friday
Aquatics,Rec Pool & Lazy River,11/27/2026,11:00 AM,3:30 PM,Rec Swim (No Slide),Friday
Aquatics,Full Pool,11/27/2026,6:00 PM,8:30 PM,Open Swim (Slide 30m Int.),Friday
Court Sports,3 Courts,11/27/2026,6:00 AM,11:00 AM,Open Pickleball,Friday
Court Sports,Basketball Courts,11/27/2026,1:15 PM,3:15 PM,Open Pickleball,Friday
Court Sports,Basketball Courts,11/27/2026,5:30 AM,8:00 AM,Adult Basketball,Friday
Court Sports,Basketball Courts,11/27/2026,11:15 AM,1:00 PM,Adult Basketball,Friday
Court Sports,Basketball Courts,11/27/2026,3:00 PM,5:00 PM,Youth Basketball,Friday
Court Sports,Basketball Courts,11/27/2026,5:00 PM,9:00 PM,Open Basketball,Friday
Court Sports,Basketball Courts,11/27/2026,4:00 PM,9:00 PM,Adult Volleyball,Friday
Child Watch,Child Watch,11/27/2026,8:00 AM,12:00 PM,Child Watch (3mo. - 9yr),Friday
Community,Little Gym,11/27/2026,10:00 AM,12:00 PM,Jungle Gym (Ages 8 and under w/ Parent),Friday
Aquatics,Lap Pool,11/28/2026,8:00 AM,1:00 PM,Lap Swim,Saturday
Aquatics,Full Pool,11/28/2026,1:00 PM,7:00 PM,Open Swim (Slide 30m Int.),Saturday
Court Sports,3 Courts,11/28/2026,7:30 AM,2:00 PM,Open Pickleball,Saturday
Court Sports,Basketball Courts,11/28/2026,12:00 PM,4:00 PM,Youth Basketball,Saturday
Court Sports,Basketball Courts,11/28/2026,4:00 PM,8:00 PM,Open Basketball,Saturday
Court Sports,Basketball Courts,11/28/2026,8:00 PM,9:00 PM,Adult Volleyball,Saturday
Court Sports,Basketball Courts,11/28/2026,4:00 PM,8:00 PM,Open Volleyball,Saturday
Child Watch,Child Watch,11/28/2026,8:00 AM,12:00 PM,Child Watch (3mo. - 9yr),Saturday
Child Watch,The Zone,11/28/2026,8:00 AM,12:00 PM,The Zone (Ages 6 - 12),Saturday
Community,Little Gym,11/28/2026,4:00 PM,6:00 PM,Jungle Gym (Ages 8 and under w/ Parent),Saturday
Aquatics,Lap Pool,11/29/2026,11:00 AM,2:00 PM,Lap Swim,Sunday
Aquatics,Rec Pool & Lazy River,11/29/2026,11:00 AM,2:00 PM,Rec Swim (No Slide),Sunday
Aquatics,Full Pool,11/29/2026,2:00 PM,5:00 PM,Open Swim (Slide 30m Int.),Sunday
Court Sports,3 Courts,11/29/2026,10:00 AM,2:00 PM,Open Pickleball,Sunday
Court Sports,Basketball Courts,11/29/2026,1:00 PM,5:30 PM,Open Basketball,Sunday
Court Sports,Basketball Courts,11/29/2026,10:00 AM,2:00 PM,Open Volleyball,Sunday
Aquatics,Lap Pool,11/30/2026,5:00 AM,8:00 AM,Lap Swim,Monday
Aquatics,Lap Pool,11/30/2026,9:00 AM,3:30 PM,Lap Swim,Monday
Aquatics,Lap Pool,11/30/2026,7:30 PM,8:30 PM,Lap Swim,Monday
Aquatics,Rec Pool & Lazy River,11/30/2026,5:00 AM,9:00 AM,Rec Swim (No Slide),Monday
Aquatics,Rec Pool & Lazy River,11/30/2026,11:00 AM,3:30 PM,Rec Swim (No Slide),Monday
Court Sports,3 Courts,11/30/2026,6:00 AM,11:00 AM,Open Pickleball,Monday
Court Sports,Basketball Courts,11/30/2026,1:15 PM,3:15 PM,Open Pickleball,Monday
Court Sports,Basketball Courts,11/30/2026,5:30 AM,8:00 AM,Adult Basketball,Monday
Court Sports,Basketball Courts,11/30/2026,11:15 AM,1:00 PM,Adult Basketball,Monday
Court Sports,Basketball Courts,11/30/2026,3:00 PM,5:00 PM,Youth Basketball,Monday
Court Sports,Basketball Courts,11/30/2026,5:00 PM,9:00 PM,Open Basketball,Monday
Community,Community Wing,11/30/2026,1:00 PM,4:00 PM,Euchre,Monday
Child Watch,Child Watch,11/30/2026,8:00 AM,12:00 PM,Child Watch (3mo. - 9yr),Monday
Child Watch,Child Watch,11/30/2026,4:30 PM,7:30 PM,Child Watch (3mo. - 9yr),Monday
Child Watch,The Zone,11/30/2026,4:30 PM,7:30 PM,The Zone (Ages 6 - 12),Monday
Community,Little Gym,11/30/2026,10:00 AM,12:00 PM,Jungle Gym (Ages 8 and under w/ Parent),Monday
Aquatics,Lap Pool,12/1/2026,5:00 AM,3:30 PM,Lap Swim,Tuesday
Aquatics,Lap Pool,12/1/2026,7:30 PM,8:30 PM,Lap Swim,Tuesday
Aquatics,Rec Pool & Lazy River,12/1/2026,5:00 AM,8:00 AM,Rec Swim (No Slide),Tuesday
Aquatics,Rec Pool & Lazy River,12/1/2026,12:00 PM,3:30 PM,Rec Swim (No Slide),Tuesday
Aquatics,Rec Pool & Lazy River,12/1/2026,7:30 PM,8:30 PM,Rec Swim (No Slide),Tuesday
Court Sports,3 Courts,12/1/2026,6:00 AM,11:00 AM,Open Pickleball,Tuesday
Court Sports,Basketball Courts,12/1/2026,5:30 AM,8:30 AM,Adult Basketball,Tuesday
Court Sports,Basketball Courts,12/1/2026,11:15 AM,1:00 PM,Adult Basketball,Tuesday
Court Sports,Basketball Courts,12/1/2026,3:00 PM,5:00 PM,Youth Basketball,Tuesday
Court Sports,Basketball Courts,12/1/2026,5:00 PM,9:00 PM,Open Basketball,Tuesday
Child Watch,Child Watch,12/1/2026,8:00 AM,12:00 PM,Child Watch (3mo. - 9yr),Tuesday
Child Watch,Child Watch,12/1/2026,4:30 PM,7:30 PM,Child Watch (3mo. - 9yr),Tuesday
Child Watch,The Zone,12/1/2026,4:40 PM,7:30 PM,The Zone (Ages 6 - 12),Tuesday
Community,Community Wing,12/1/2026,1:00 PM,3:00 PM,Mah Jongg,Tuesday
Community,Studio 1,12/1/2026,2:00 PM,3:30 PM,Line Dancing,Tuesday
Aquatics,Lap Pool,12/2/2026,5:00 AM,8:00 AM,Lap Swim,Wednesday
Aquatics,Lap Pool,12/2/2026,9:00 AM,3:30 PM,Lap Swim,Wednesday
Aquatics,Lap Pool,12/2/2026,7:30 PM,8:30 PM,Lap Swim,Wednesday
Aquatics,Rec Pool & Lazy River,12/2/2026,5:00 AM,9:00 AM,Rec Swim (No Slide),Wednesday
Aquatics,Rec Pool & Lazy River,12/2/2026,11:00 AM,3:30 PM,Rec Swim (No Slide),Wednesday
Court Sports,3 Courts,12/2/2026,6:00 AM,11:00 AM,Open Pickleball,Wednesday
Court Sports,Basketball Courts,12/2/2026,1:15 PM,3:15 PM,Open Pickleball,Wednesday
Court Sports,Basketball Courts,12/2/2026,5:30 AM,8:00 AM,Adult Basketball,Wednesday
Court Sports,Basketball Courts,12/2/2026,11:15 AM,1:00 PM,Adult Basketball,Wednesday
Court Sports,Basketball Courts,12/2/2026,3:00 PM,5:00 PM,Youth Basketball,Wednesday
Court Sports,Basketball Courts,12/2/2026,5:00 PM,9:00 PM,Open Basketball,Wednesday
Community,Community Wing,12/2/2026,1:00 PM,4:00 PM,Euchre,Wednesday
Child Watch,Child Watch,12/2/2026,8:00 AM,12:00 PM,Child Watch (3mo. - 9yr),Wednesday
Child Watch,Child Watch,12/2/2026,4:30 PM,7:30 PM,Child Watch (3mo. - 9yr),Wednesday
Child Watch,The Zone,12/2/2026,4:30 PM,7:30 PM,The Zone (Ages 6 - 12),Wednesday
Community,Little Gym,12/2/2026,10:00 AM,12:00 PM,Jungle Gym (Ages 8 and under w/ Parent),Wednesday
Aquatics,Lap Pool,12/3/2026,5:00 AM,3:30 PM,Lap Swim,Thursday
Aquatics,Rec Pool & Lazy River,12/3/2026,5:00 AM,8:00 AM,Rec Swim (No Slide),Thursday
Aquatics,Rec Pool & Lazy River,12/3/2026,12:00 PM,3:30 PM,Rec Swim (No Slide),Thursday
Aquatics,Full Pool,12/3/2026,6:00 PM,8:30 PM,Open Swim ($6 Community Swim),Thursday
Court Sports,3 Courts,12/3/2026,6:00 AM,11:00 AM,Open Pickleball,Thursday
Court Sports,Basketball Courts,12/3/2026,5:30 AM,8:00 AM,Adult Basketball,Thursday
Court Sports,Basketball Courts,12/3/2026,11:15 AM,1:00 PM,Adult Basketball,Thursday
Court Sports,Basketball Courts,12/3/2026,3:00 PM,5:00 PM,Youth Basketball,Thursday
Court Sports,Basketball Courts,12/3/2026,5:00 PM,9:00 PM,Open Basketball,Thursday
Community,Community Wing,12/3/2026,1:00 PM,3:00 PM,Mah Jongg,Thursday
Community,Studio 1,12/3/2026,2:00 PM,3:30 PM,Line Dancing,Thursday
Child Watch,Child Watch,12/3/2026,8:00 AM,12:00 PM,Child Watch (3mo. - 9yr),Thursday
Child Watch,Child Watch,12/3/2026,5:30 PM,7:30 PM,Child Watch (3mo. - 9yr),Thursday
Aquatics,Lap Pool,12/4/2026,5:00 AM,8:00 AM,Lap Swim,Friday
Aquatics,Lap Pool,12/4/2026,9:00 AM,3:30 PM,Lap Swim,Friday
Aquatics,Rec Pool & Lazy River,12/4/2026,5:00 AM,9:00 AM,Rec Swim (No Slide),Friday
Aquatics,Rec Pool & Lazy River,12/4/2026,11:00 AM,3:30 PM,Rec Swim (No Slide),Friday
Aquatics,Full Pool,12/4/2026,6:00 PM,8:30 PM,Open Swim (Slide 30m Int.),Friday
Court Sports,3 Courts,12/4/2026,6:00 AM,11:00 AM,Open Pickleball,Friday
Court Sports,Basketball Courts,12/4/2026,1:15 PM,3:15 PM,Open Pickleball,Friday
Court Sports,Basketball Courts,12/4/2026,5:30 AM,8:00 AM,Adult Basketball,Friday
Court Sports,Basketball Courts,12/4/2026,11:15 AM,1:00 PM,Adult Basketball,Friday
Court Sports,Basketball Courts,12/4/2026,3:00 PM,5:00 PM,Youth Basketball,Friday
Court Sports,Basketball Courts,12/4/2026,5:00 PM,9:00 PM,Open Basketball,Friday
Court Sports,Basketball Courts,12/4/2026,4:00 PM,9:00 PM,Adult Volleyball,Friday
Child Watch,Child Watch,12/4/2026,8:00 AM,12:00 PM,Child Watch (3mo. - 9yr),Friday
Community,Little Gym,12/4/2026,10:00 AM,12:00 PM,Jungle Gym (Ages 8 and under w/ Parent),Friday
Aquatics,Lap Pool,12/5/2026,8:00 AM,1:00 PM,Lap Swim,Saturday
Aquatics,Full Pool,12/5/2026,1:00 PM,7:00 PM,Open Swim (Slide 30m Int.),Saturday
Court Sports,3 Courts,12/5/2026,7:30 AM,2:00 PM,Open Pickleball,Saturday
Court Sports,Basketball Courts,12/5/2026,12:00 PM,4:00 PM,Youth Basketball,Saturday
Court Sports,Basketball Courts,12/5/2026,4:00 PM,8:00 PM,Open Basketball,Saturday
Court Sports,Basketball Courts,12/5/2026,8:00 PM,9:00 PM,Adult Volleyball,Saturday
Court Sports,Basketball Courts,12/5/2026,4:00 PM,8:00 PM,Open Volleyball,Saturday
Child Watch,Child Watch,12/5/2026,8:00 AM,12:00 PM,Child Watch (3mo. - 9yr),Saturday
Child Watch,The Zone,12/5/2026,8:00 AM,12:00 PM,The Zone (Ages 6 - 12),Saturday
Community,Little Gym,12/5/2026,4:00 PM,6:00 PM,Jungle Gym (Ages 8 and under w/ Parent),Saturday
Aquatics,Lap Pool,12/6/2026,11:00 AM,2:00 PM,Lap Swim,Sunday
Aquatics,Rec Pool & Lazy River,12/6/2026,11:00 AM,2:00 PM,Rec Swim (No Slide),Sunday
Aquatics,Full Pool,12/6/2026,2:00 PM,5:00 PM,Open Swim (Slide 30m Int.),Sunday
Court Sports,3 Courts,12/6/2026,10:00 AM,2:00 PM,Open Pickleball,Sunday
Court Sports,Basketball Courts,12/6/2026,1:00 PM,5:30 PM,Open Basketball,Sunday
Court Sports,Basketball Courts,12/6/2026,10:00 AM,2:00 PM,Open Volleyball,Sunday
Aquatics,Lap Pool,12/7/2026,5:00 AM,8:00 AM,Lap Swim,Monday
Aquatics,Lap Pool,12/7/2026,9:00 AM,3:30 PM,Lap Swim,Monday
Aquatics,Lap Pool,12/7/2026,7:30 PM,8:30 PM,Lap Swim,Monday
Aquatics,Rec Pool & Lazy River,12/7/2026,5:00 AM,9:00 AM,Rec Swim (No Slide),Monday
Aquatics,Rec Pool & Lazy River,12/7/2026,11:00 AM,3:30 PM,Rec Swim (No Slide),Monday
Court Sports,3 Courts,12/7/2026,6:00 AM,11:00 AM,Open Pickleball,Monday
Court Sports,Basketball Courts,12/7/2026,1:15 PM,3:15 PM,Open Pickleball,Monday
Court Sports,Basketball Courts,12/7/2026,5:30 AM,8:00 AM,Adult Basketball,Monday
Court Sports,Basketball Courts,12/7/2026,11:15 AM,1:00 PM,Adult Basketball,Monday
Court Sports,Basketball Courts,12/7/2026,3:00 PM,5:00 PM,Youth Basketball,Monday
Court Sports,Basketball Courts,12/7/2026,5:00 PM,9:00 PM,Open Basketball,Monday
Community,Community Wing,12/7/2026,1:00 PM,4:00 PM,Euchre,Monday
Child Watch,Child Watch,12/7/2026,8:00 AM,12:00 PM,Child Watch (3mo. - 9yr),Monday
Child Watch,Child Watch,12/7/2026,4:30 PM,7:30 PM,Child Watch (3mo. - 9yr),Monday
Child Watch,The Zone,12/7/2026,4:30 PM,7:30 PM,The Zone (Ages 6 - 12),Monday
Community,Little Gym,12/7/2026,10:00 AM,12:00 PM,Jungle Gym (Ages 8 and under w/ Parent),Monday
Aquatics,Lap Pool,12/8/2026,5:00 AM,3:30 PM,Lap Swim,Tuesday
Aquatics,Lap Pool,12/8/2026,7:30 PM,8:30 PM,Lap Swim,Tuesday
Aquatics,Rec Pool & Lazy River,12/8/2026,5:00 AM,8:00 AM,Rec Swim (No Slide),Tuesday
Aquatics,Rec Pool & Lazy River,12/8/2026,12:00 PM,3:30 PM,Rec Swim (No Slide),Tuesday
Aquatics,Rec Pool & Lazy River,12/8/2026,7:30 PM,8:30 PM,Rec Swim (No Slide),Tuesday
Court Sports,3 Courts,12/8/2026,6:00 AM,11:00 AM,Open Pickleball,Tuesday
Court Sports,Basketball Courts,12/8/2026,5:30 AM,8:30 AM,Adult Basketball,Tuesday
Court Sports,Basketball Courts,12/8/2026,11:15 AM,1:00 PM,Adult Basketball,Tuesday
Court Sports,Basketball Courts,12/8/2026,3:00 PM,5:00 PM,Youth Basketball,Tuesday
Court Sports,Basketball Courts,12/8/2026,5:00 PM,9:00 PM,Open Basketball,Tuesday
Child Watch,Child Watch,12/8/2026,8:00 AM,12:00 PM,Child Watch (3mo. - 9yr),Tuesday
Child Watch,Child Watch,12/8/2026,4:30 PM,7:30 PM,Child Watch (3mo. - 9yr),Tuesday
Child Watch,The Zone,12/8/2026,4:40 PM,7:30 PM,The Zone (Ages 6 - 12),Tuesday
Community,Community Wing,12/8/2026,1:00 PM,3:00 PM,Mah Jongg,Tuesday
Community,Studio 1,12/8/2026,2:00 PM,3:30 PM,Line Dancing,Tuesday
Aquatics,Lap Pool,12/9/2026,5:00 AM,8:00 AM,Lap Swim,Wednesday
Aquatics,Lap Pool,12/9/2026,9:00 AM,3:30 PM,Lap Swim,Wednesday
Aquatics,Lap Pool,12/9/2026,7:30 PM,8:30 PM,Lap Swim,Wednesday
Aquatics,Rec Pool & Lazy River,12/9/2026,5:00 AM,9:00 AM,Rec Swim (No Slide),Wednesday
Aquatics,Rec Pool & Lazy River,12/9/2026,11:00 AM,3:30 PM,Rec Swim (No Slide),Wednesday
Court Sports,3 Courts,12/9/2026,6:00 AM,11:00 AM,Open Pickleball,Wednesday
Court Sports,Basketball Courts,12/9/2026,1:15 PM,3:15 PM,Open Pickleball,Wednesday
Court Sports,Basketball Courts,12/9/2026,5:30 AM,8:00 AM,Adult Basketball,Wednesday
Court Sports,Basketball Courts,12/9/2026,11:15 AM,1:00 PM,Adult Basketball,Wednesday
Court Sports,Basketball Courts,12/9/2026,3:00 PM,5:00 PM,Youth Basketball,Wednesday
Court Sports,Basketball Courts,12/9/2026,5:00 PM,9:00 PM,Open Basketball,Wednesday
Community,Community Wing,12/9/2026,1:00 PM,4:00 PM,Euchre,Wednesday
Child Watch,Child Watch,12/9/2026,8:00 AM,12:00 PM,Child Watch (3mo. - 9yr),Wednesday
Child Watch,Child Watch,12/9/2026,4:30 PM,7:30 PM,Child Watch (3mo. - 9yr),Wednesday
Child Watch,The Zone,12/9/2026,4:30 PM,7:30 PM,The Zone (Ages 6 - 12),Wednesday
Community,Little Gym,12/9/2026,10:00 AM,12:00 PM,Jungle Gym (Ages 8 and under w/ Parent),Wednesday
Aquatics,Lap Pool,12/10/2026,5:00 AM,3:30 PM,Lap Swim,Thursday
Aquatics,Rec Pool & Lazy River,12/10/2026,5:00 AM,8:00 AM,Rec Swim (No Slide),Thursday
Aquatics,Rec Pool & Lazy River,12/10/2026,12:00 PM,3:30 PM,Rec Swim (No Slide),Thursday
Aquatics,Full Pool,12/10/2026,6:00 PM,8:30 PM,Open Swim ($6 Community Swim),Thursday
Court Sports,3 Courts,12/10/2026,6:00 AM,11:00 AM,Open Pickleball,Thursday
Court Sports,Basketball Courts,12/10/2026,5:30 AM,8:00 AM,Adult Basketball,Thursday
Court Sports,Basketball Courts,12/10/2026,11:15 AM,1:00 PM,Adult Basketball,Thursday
Court Sports,Basketball Courts,12/10/2026,3:00 PM,5:00 PM,Youth Basketball,Thursday
Court Sports,Basketball Courts,12/10/2026,5:00 PM,9:00 PM,Open Basketball,Thursday
Community,Community Wing,12/10/2026,1:00 PM,3:00 PM,Mah Jongg,Thursday
Community,Studio 1,12/10/2026,2:00 PM,3:30 PM,Line Dancing,Thursday
Child Watch,Child Watch,12/10/2026,8:00 AM,12:00 PM,Child Watch (3mo. - 9yr),Thursday
Child Watch,Child Watch,12/10/2026,5:30 PM,7:30 PM,Child Watch (3mo. - 9yr),Thursday
Aquatics,Lap Pool,12/11/2026,5:00 AM,8:00 AM,Lap Swim,Friday
Aquatics,Lap Pool,12/11/2026,9:00 AM,3:30 PM,Lap Swim,Friday
Aquatics,Rec Pool & Lazy River,12/11/2026,5:00 AM,9:00 AM,Rec Swim (No Slide),Friday
Aquatics,Rec Pool & Lazy River,12/11/2026,11:00 AM,3:30 PM,Rec Swim (No Slide),Friday
Aquatics,Full Pool,12/11/2026,6:00 PM,8:30 PM,Open Swim (Slide 30m Int.),Friday
Court Sports,3 Courts,12/11/2026,6:00 AM,11:00 AM,Open Pickleball,Friday
Court Sports,Basketball Courts,12/11/2026,1:15 PM,3:15 PM,Open Pickleball,Friday
Court Sports,Basketball Courts,12/11/2026,5:30 AM,8:00 AM,Adult Basketball,Friday
Court Sports,Basketball Courts,12/11/2026,11:15 AM,1:00 PM,Adult Basketball,Friday
Court Sports,Basketball Courts,12/11/2026,3:00 PM,5:00 PM,Youth Basketball,Friday
Court Sports,Basketball Courts,12/11/2026,5:00 PM,9:00 PM,Open Basketball,Friday
Court Sports,Basketball Courts,12/11/2026,4:00 PM,9:00 PM,Adult Volleyball,Friday
Child Watch,Child Watch,12/11/2026,8:00 AM,12:00 PM,Child Watch (3mo. - 9yr),Friday
Community,Little Gym,12/11/2026,10:00 AM,12:00 PM,Jungle Gym (Ages 8 and under w/ Parent),Friday
Aquatics,Lap Pool,12/12/2026,8:00 AM,1:00 PM,Lap Swim,Saturday
Aquatics,Full Pool,12/12/2026,1:00 PM,7:00 PM,Open Swim (Slide 30m Int.),Saturday
Court Sports,3 Courts,12/12/2026,7:30 AM,2:00 PM,Open Pickleball,Saturday
Court Sports,Basketball Courts,12/12/2026,12:00 PM,4:00 PM,Youth Basketball,Saturday
Court Sports,Basketball Courts,12/12/2026,4:00 PM,8:00 PM,Open Basketball,Saturday
Court Sports,Basketball Courts,12/12/2026,8:00 PM,9:00 PM,Adult Volleyball,Saturday
Court Sports,Basketball Courts,12/12/2026,4:00 PM,8:00 PM,Open Volleyball,Saturday
Child Watch,Child Watch,12/12/2026,8:00 AM,12:00 PM,Child Watch (3mo. - 9yr),Saturday
Child Watch,The Zone,12/12/2026,8:00 AM,12:00 PM,The Zone (Ages 6 - 12),Saturday
Community,Little Gym,12/12/2026,4:00 PM,6:00 PM,Jungle Gym (Ages 8 and under w/ Parent),Saturday
Aquatics,Lap Pool,12/13/2026,11:00 AM,2:00 PM,Lap Swim,Sunday
Aquatics,Rec Pool & Lazy River,12/13/2026,11:00 AM,2:00 PM,Rec Swim (No Slide),Sunday
Aquatics,Full Pool,12/13/2026,2:00 PM,5:00 PM,Open Swim (Slide 30m Int.),Sunday
Court Sports,3 Courts,12/13/2026,10:00 AM,2:00 PM,Open Pickleball,Sunday
Court Sports,Basketball Courts,12/13/2026,1:00 PM,5:30 PM,Open Basketball,Sunday
Court Sports,Basketball Courts,12/13/2026,10:00 AM,2:00 PM,Open Volleyball,Sunday
Aquatics,Lap Pool,12/14/2026,5:00 AM,8:00 AM,Lap Swim,Monday
Aquatics,Lap Pool,12/14/2026,9:00 AM,3:30 PM,Lap Swim,Monday
Aquatics,Lap Pool,12/14/2026,7:30 PM,8:30 PM,Lap Swim,Monday
Aquatics,Rec Pool & Lazy River,12/14/2026,5:00 AM,9:00 AM,Rec Swim (No Slide),Monday
Aquatics,Rec Pool & Lazy River,12/14/2026,11:00 AM,3:30 PM,Rec Swim (No Slide),Monday
Court Sports,3 Courts,12/14/2026,6:00 AM,11:00 AM,Open Pickleball,Monday
Court Sports,Basketball Courts,12/14/2026,1:15 PM,3:15 PM,Open Pickleball,Monday
Court Sports,Basketball Courts,12/14/2026,5:30 AM,8:00 AM,Adult Basketball,Monday
Court Sports,Basketball Courts,12/14/2026,11:15 AM,1:00 PM,Adult Basketball,Monday
Court Sports,Basketball Courts,12/14/2026,3:00 PM,5:00 PM,Youth Basketball,Monday
Court Sports,Basketball Courts,12/14/2026,5:00 PM,9:00 PM,Open Basketball,Monday
Community,Community Wing,12/14/2026,1:00 PM,4:00 PM,Euchre,Monday
Child Watch,Child Watch,12/14/2026,8:00 AM,12:00 PM,Child Watch (3mo. - 9yr),Monday
Child Watch,Child Watch,12/14/2026,4:30 PM,7:30 PM,Child Watch (3mo. - 9yr),Monday
Child Watch,The Zone,12/14/2026,4:30 PM,7:30 PM,The Zone (Ages 6 - 12),Monday
Community,Little Gym,12/14/2026,10:00 AM,12:00 PM,Jungle Gym (Ages 8 and under w/ Parent),Monday
Aquatics,Lap Pool,12/15/2026,5:00 AM,3:30 PM,Lap Swim,Tuesday
Aquatics,Lap Pool,12/15/2026,7:30 PM,8:30 PM,Lap Swim,Tuesday
Aquatics,Rec Pool & Lazy River,12/15/2026,5:00 AM,8:00 AM,Rec Swim (No Slide),Tuesday
Aquatics,Rec Pool & Lazy River,12/15/2026,12:00 PM,3:30 PM,Rec Swim (No Slide),Tuesday
Aquatics,Rec Pool & Lazy River,12/15/2026,7:30 PM,8:30 PM,Rec Swim (No Slide),Tuesday
Court Sports,3 Courts,12/15/2026,6:00 AM,11:00 AM,Open Pickleball,Tuesday
Court Sports,Basketball Courts,12/15/2026,5:30 AM,8:30 AM,Adult Basketball,Tuesday
Court Sports,Basketball Courts,12/15/2026,11:15 AM,1:00 PM,Adult Basketball,Tuesday
Court Sports,Basketball Courts,12/15/2026,3:00 PM,5:00 PM,Youth Basketball,Tuesday
Court Sports,Basketball Courts,12/15/2026,5:00 PM,9:00 PM,Open Basketball,Tuesday
Child Watch,Child Watch,12/15/2026,8:00 AM,12:00 PM,Child Watch (3mo. - 9yr),Tuesday
Child Watch,Child Watch,12/15/2026,4:30 PM,7:30 PM,Child Watch (3mo. - 9yr),Tuesday
Child Watch,The Zone,12/15/2026,4:40 PM,7:30 PM,The Zone (Ages 6 - 12),Tuesday
Community,Community Wing,12/15/2026,1:00 PM,3:00 PM,Mah Jongg,Tuesday
Community,Studio 1,12/15/2026,2:00 PM,3:30 PM,Line Dancing,Tuesday
Aquatics,Lap Pool,12/16/2026,5:00 AM,8:00 AM,Lap Swim,Wednesday
Aquatics,Lap Pool,12/16/2026,9:00 AM,3:30 PM,Lap Swim,Wednesday
Aquatics,Lap Pool,12/16/2026,7:30 PM,8:30 PM,Lap Swim,Wednesday
Aquatics,Rec Pool & Lazy River,12/16/2026,5:00 AM,9:00 AM,Rec Swim (No Slide),Wednesday
Aquatics,Rec Pool & Lazy River,12/16/2026,11:00 AM,3:30 PM,Rec Swim (No Slide),Wednesday
Court Sports,3 Courts,12/16/2026,6:00 AM,11:00 AM,Open Pickleball,Wednesday
Court Sports,Basketball Courts,12/16/2026,1:15 PM,3:15 PM,Open Pickleball,Wednesday
Court Sports,Basketball Courts,12/16/2026,5:30 AM,8:00 AM,Adult Basketball,Wednesday
Court Sports,Basketball Courts,12/16/2026,11:15 AM,1:00 PM,Adult Basketball,Wednesday
Court Sports,Basketball Courts,12/16/2026,3:00 PM,5:00 PM,Youth Basketball,Wednesday
Court Sports,Basketball Courts,12/16/2026,5:00 PM,9:00 PM,Open Basketball,Wednesday
Community,Community Wing,12/16/2026,1:00 PM,4:00 PM,Euchre,Wednesday
Child Watch,Child Watch,12/16/2026,8:00 AM,12:00 PM,Child Watch (3mo. - 9yr),Wednesday
Child Watch,Child Watch,12/16/2026,4:30 PM,7:30 PM,Child Watch (3mo. - 9yr),Wednesday
Child Watch,The Zone,12/16/2026,4:30 PM,7:30 PM,The Zone (Ages 6 - 12),Wednesday
Community,Little Gym,12/16/2026,10:00 AM,12:00 PM,Jungle Gym (Ages 8 and under w/ Parent),Wednesday
Aquatics,Lap Pool,12/17/2026,5:00 AM,3:30 PM,Lap Swim,Thursday
Aquatics,Rec Pool & Lazy River,12/17/2026,5:00 AM,8:00 AM,Rec Swim (No Slide),Thursday
Aquatics,Rec Pool & Lazy River,12/17/2026,12:00 PM,3:30 PM,Rec Swim (No Slide),Thursday
Aquatics,Full Pool,12/17/2026,6:00 PM,8:30 PM,Open Swim ($6 Community Swim),Thursday
Court Sports,3 Courts,12/17/2026,6:00 AM,11:00 AM,Open Pickleball,Thursday
Court Sports,Basketball Courts,12/17/2026,5:30 AM,8:00 AM,Adult Basketball,Thursday
Court Sports,Basketball Courts,12/17/2026,11:15 AM,1:00 PM,Adult Basketball,Thursday
Court Sports,Basketball Courts,12/17/2026,3:00 PM,5:00 PM,Youth Basketball,Thursday
Court Sports,Basketball Courts,12/17/2026,5:00 PM,9:00 PM,Open Basketball,Thursday
Community,Community Wing,12/17/2026,1:00 PM,3:00 PM,Mah Jongg,Thursday
Community,Studio 1,12/17/2026,2:00 PM,3:30 PM,Line Dancing,Thursday
Child Watch,Child Watch,12/17/2026,8:00 AM,12:00 PM,Child Watch (3mo. - 9yr),Thursday
Child Watch,Child Watch,12/17/2026,5:30 PM,7:30 PM,Child Watch (3mo. - 9yr),Thursday
Aquatics,Lap Pool,12/18/2026,5:00 AM,8:00 AM,Lap Swim,Friday
Aquatics,Lap Pool,12/18/2026,9:00 AM,3:30 PM,Lap Swim,Friday
Aquatics,Rec Pool & Lazy River,12/18/2026,5:00 AM,9:00 AM,Rec Swim (No Slide),Friday
Aquatics,Rec Pool & Lazy River,12/18/2026,11:00 AM,3:30 PM,Rec Swim (No Slide),Friday
Aquatics,Full Pool,12/18/2026,6:00 PM,8:30 PM,Open Swim (Slide 30m Int.),Friday
Court Sports,3 Courts,12/18/2026,6:00 AM,11:00 AM,Open Pickleball,Friday
Court Sports,Basketball Courts,12/18/2026,1:15 PM,3:15 PM,Open Pickleball,Friday
Court Sports,Basketball Courts,12/18/2026,5:30 AM,8:00 AM,Adult Basketball,Friday
Court Sports,Basketball Courts,12/18/2026,11:15 AM,1:00 PM,Adult Basketball,Friday
Court Sports,Basketball Courts,12/18/2026,3:00 PM,5:00 PM,Youth Basketball,Friday
Court Sports,Basketball Courts,12/18/2026,5:00 PM,9:00 PM,Open Basketball,Friday
Court Sports,Basketball Courts,12/18/2026,4:00 PM,9:00 PM,Adult Volleyball,Friday
Child Watch,Child Watch,12/18/2026,8:00 AM,12:00 PM,Child Watch (3mo. - 9yr),Friday
Community,Little Gym,12/18/2026,10:00 AM,12:00 PM,Jungle Gym (Ages 8 and under w/ Parent),Friday
Aquatics,Lap Pool,12/19/2026,8:00 AM,1:00 PM,Lap Swim,Saturday
Aquatics,Full Pool,12/19/2026,1:00 PM,7:00 PM,Open Swim (Slide 30m Int.),Saturday
Court Sports,3 Courts,12/19/2026,7:30 AM,2:00 PM,Open Pickleball,Saturday
Court Sports,Basketball Courts,12/19/2026,12:00 PM,4:00 PM,Youth Basketball,Saturday
Court Sports,Basketball Courts,12/19/2026,4:00 PM,8:00 PM,Open Basketball,Saturday
Court Sports,Basketball Courts,12/19/2026,8:00 PM,9:00 PM,Adult Volleyball,Saturday
Court Sports,Basketball Courts,12/19/2026,4:00 PM,8:00 PM,Open Volleyball,Saturday
Child Watch,Child Watch,12/19/2026,8:00 AM,12:00 PM,Child Watch (3mo. - 9yr),Saturday
Child Watch,The Zone,12/19/2026,8:00 AM,12:00 PM,The Zone (Ages 6 - 12),Saturday
Community,Little Gym,12/19/2026,4:00 PM,6:00 PM,Jungle Gym (Ages 8 and under w/ Parent),Saturday
